[2026-09-17 00:01:28,977] INFO django.utils.autoreload: Watching for file changes with StatReloader
[2026-09-17 00:01:29,198] INFO django.server: "GET / HTTP/1.1" 302 0
[2026-09-17 00:01:29,212] INFO django.server: "GET /login/?next=/ HTTP/1.1" 200 2484
[2026-09-17 00:01:29,262] INFO django.server: "GET /static/core/css/app.css HTTP/1.1" 304 0
[2026-09-17 00:01:36,741] INFO django.server: "POST /login/?next=/ HTTP/1.1" 302 0
[2026-09-17 00:01:36,781] INFO django.server: "GET / HTTP/1.1" 200 7214
[2026-09-17 00:01:36,821] INFO django.server: "GET /static/core/js/status.js HTTP/1.1" 304 0
[2026-09-17 00:01:36,821] INFO django.server: "GET /static/core/js/dashboard.js HTTP/1.1" 304 0
[2026-09-17 00:01:36,847] INFO django.server: "GET /static/core/js/api.js HTTP/1.1" 304 0
[2026-09-17 00:01:36,908] INFO django.server: "GET /api/runner-status/ HTTP/1.1" 200 16
[2026-09-17 00:01:36,911] INFO django.server: "GET /api/tasks/ HTTP/1.1" 200 1289
[2026-09-17 00:01:39,451] INFO django.server: "GET /api/tasks/ HTTP/1.1" 200 1289
[2026-09-17 00:01:41,977] INFO django.server: "GET /api/runner-status/ HTTP/1.1" 200 16
[2026-09-17 00:01:41,978] INFO django.server: "GET /api/tasks/ HTTP/1.1" 200 1289
[2026-09-17 00:01:42,663] INFO django.server: "GET /admin/ HTTP/1.1" 200 9761
[2026-09-17 00:01:42,734] INFO django.server: "GET /static/admin/css/dark_mode.css HTTP/1.1" 200 2682
[2026-09-17 00:01:42,734] INFO django.server: "GET /static/admin/css/base.css HTTP/1.1" 200 21544
[2026-09-17 00:01:42,739] INFO django.server: "GET /static/admin/css/nav_sidebar.css HTTP/1.1" 200 2810
[2026-09-17 00:01:42,740] INFO django.server: "GET /static/admin/css/dashboard.css HTTP/1.1" 200 441
[2026-09-17 00:01:42,742] INFO django.server: "GET /static/admin/css/responsive.css HTTP/1.1" 200 17905
[2026-09-17 00:01:42,745] INFO django.server: "GET /static/admin/js/theme.js HTTP/1.1" 200 1943
[2026-09-17 00:01:42,748] INFO django.server: "GET /static/admin/js/nav_sidebar.js HTTP/1.1" 200 3063
[2026-09-17 00:01:42,792] INFO django.server: "GET /static/admin/img/icon-addlink.svg HTTP/1.1" 200 331
[2026-09-17 00:01:42,792] INFO django.server: "GET /static/admin/img/icon-changelink.svg HTTP/1.1" 200 380
[2026-09-17 00:01:45,054] INFO django.server: "GET /api/tasks/ HTTP/1.1" 200 1289
[2026-09-17 00:01:45,785] INFO django.server: "GET /admin/core/processingscript/ HTTP/1.1" 200 12322
[2026-09-17 00:01:45,833] INFO django.server: "GET /static/admin/css/changelists.css HTTP/1.1" 200 6811
[2026-09-17 00:01:45,835] INFO django.server: "GET /static/admin/css/forms.css HTTP/1.1" 200 9090
[2026-09-17 00:01:45,837] INFO django.server: "GET /static/admin/js/core.js HTTP/1.1" 200 6208
[2026-09-17 00:01:45,839] INFO django.server: "GET /static/admin/js/jquery.init.js HTTP/1.1" 200 347
[2026-09-17 00:01:45,842] INFO django.server: "GET /static/admin/js/admin/RelatedObjectLookups.js HTTP/1.1" 200 9042
[2026-09-17 00:01:45,849] INFO django.server: "GET /static/admin/js/prepopulate.js HTTP/1.1" 200 1531
[2026-09-17 00:01:45,848] INFO django.server: "GET /static/admin/js/urlify.js HTTP/1.1" 200 7887
[2026-09-17 00:01:45,846] INFO django.server: "GET /static/admin/js/actions.js HTTP/1.1" 200 8067
[2026-09-17 00:01:45,856] INFO django.server: "GET /static/admin/img/search.svg HTTP/1.1" 200 458
[2026-09-17 00:01:45,860] INFO django.server: "GET /static/admin/css/widgets.css HTTP/1.1" 200 11800
[2026-09-17 00:01:45,864] INFO django.server: "GET /static/admin/js/vendor/jquery/jquery.js HTTP/1.1" 200 285314
[2026-09-17 00:01:45,865] INFO django.server: "GET /admin/jsi18n/ HTTP/1.1" 200 17546
[2026-09-17 00:01:45,871] INFO django.server: "GET /static/admin/js/vendor/xregexp/xregexp.js HTTP/1.1" 200 325171
[2026-09-17 00:01:45,887] INFO django.server: "GET /static/admin/js/filters.js HTTP/1.1" 200 978
[2026-09-17 00:01:45,901] INFO django.server: "GET /static/admin/img/icon-viewlink.svg HTTP/1.1" 200 581
[2026-09-17 00:01:45,901] INFO django.server: "GET /static/admin/img/tooltag-add.svg HTTP/1.1" 200 331
[2026-09-17 00:01:47,053] INFO django.server: "GET /api/runner-status/ HTTP/1.1" 200 16
[2026-09-17 00:01:48,054] INFO django.server: "GET /api/tasks/ HTTP/1.1" 200 1289
[2026-09-17 00:01:48,446] INFO django.server: "GET /admin/core/processingscript/?q= HTTP/1.1" 200 12392
[2026-09-17 00:01:48,493] INFO django.server: "GET /admin/jsi18n/ HTTP/1.1" 200 17546
[2026-09-17 00:01:50,122] INFO django.server: "GET /admin/core/processingscript/add/?_changelist_filters=q%3D HTTP/1.1" 200 16311
[2026-09-17 00:01:50,162] INFO django.server: "GET /static/admin/js/change_form.js HTTP/1.1" 200 606
[2026-09-17 00:01:50,162] INFO django.server: "GET /static/admin/js/prepopulate_init.js HTTP/1.1" 200 586
[2026-09-17 00:01:50,168] INFO django.server: "GET /admin/jsi18n/ HTTP/1.1" 200 17546
[2026-09-17 00:01:51,056] INFO django.server: "GET /api/tasks/ HTTP/1.1" 200 1289
[2026-09-17 00:01:53,054] INFO django.server: "GET /api/runner-status/ HTTP/1.1" 200 16
[2026-09-17 00:01:54,045] INFO django.server: "GET /api/tasks/ HTTP/1.1" 200 1289
[2026-09-17 00:01:56,326] INFO django.server: "GET /admin/core/task/ HTTP/1.1" 200 17105
[2026-09-17 00:01:56,369] INFO django.server: "GET /admin/jsi18n/ HTTP/1.1" 200 17546
[2026-09-17 00:01:56,383] INFO django.server: "GET /static/admin/img/sorting-icons.svg HTTP/1.1" 200 1097
[2026-09-17 00:01:57,054] INFO django.server: "GET /api/tasks/ HTTP/1.1" 200 1289
[2026-09-17 00:01:58,582] INFO django.server: "GET /admin/core/tasklog/ HTTP/1.1" 200 22242
[2026-09-17 00:01:58,627] INFO django.server: "GET /admin/jsi18n/ HTTP/1.1" 200 17546
[2026-09-17 00:01:59,053] INFO django.server: "GET /api/runner-status/ HTTP/1.1" 200 16
[2026-09-17 00:02:00,053] INFO django.server: "GET /api/tasks/ HTTP/1.1" 200 1289
[2026-09-17 00:02:00,421] INFO django.server: "GET /admin/core/processingscript/ HTTP/1.1" 200 12322
[2026-09-17 00:02:00,467] INFO django.server: "GET /admin/jsi18n/ HTTP/1.1" 200 17546
[2026-09-17 00:02:01,898] INFO django.server: "GET /admin/constance/config/ HTTP/1.1" 200 18475
[2026-09-17 00:02:01,940] INFO django.server: "GET /static/admin/css/constance.css HTTP/1.1" 200 569
[2026-09-17 00:02:01,942] INFO django.server: "GET /static/admin/img/icon-no.svg HTTP/1.1" 200 560
[2026-09-17 00:02:01,942] INFO django.server: "GET /static/admin/js/constance.js HTTP/1.1" 200 1160
[2026-09-17 00:02:01,943] INFO django.server: "GET /static/admin/js/collapse.js HTTP/1.1" 200 1803
[2026-09-17 00:02:01,950] INFO django.server: "GET /admin/jsi18n/ HTTP/1.1" 200 17546
[2026-09-17 00:02:03,053] INFO django.server: "GET /api/tasks/ HTTP/1.1" 200 1289
[2026-09-17 00:02:05,055] INFO django.server: "GET /api/runner-status/ HTTP/1.1" 200 16
[2026-09-17 00:02:06,057] INFO django.server: "GET /api/tasks/ HTTP/1.1" 200 1289
[2026-09-17 00:02:08,456] INFO django.server: "GET /admin/evaluation/evaluationjob/ HTTP/1.1" 200 12890
[2026-09-17 00:02:08,505] INFO django.server: "GET /admin/jsi18n/ HTTP/1.1" 200 17546
[2026-09-17 00:02:09,060] INFO django.server: "GET /api/tasks/ HTTP/1.1" 200 1289
[2026-09-17 00:02:11,044] INFO django.server: "GET /api/runner-status/ HTTP/1.1" 200 16
[2026-09-17 00:02:12,048] INFO django.server: "GET /admin/core/tasklog/ HTTP/1.1" 200 22242
[2026-09-17 00:02:12,070] INFO django.server: "GET /api/tasks/ HTTP/1.1" 200 1289
[2026-09-17 00:02:12,110] INFO django.server: "GET /admin/jsi18n/ HTTP/1.1" 200 17546
[2026-09-17 00:02:14,170] INFO django.server: "GET /admin/core/task/ HTTP/1.1" 200 17105
[2026-09-17 00:02:14,218] INFO django.server: "GET /admin/jsi18n/ HTTP/1.1" 200 17546
[2026-09-17 00:02:15,053] INFO django.server: "GET /api/tasks/ HTTP/1.1" 200 1289
[2026-09-17 00:02:17,049] INFO django.server: "GET /api/runner-status/ HTTP/1.1" 200 16
[2026-09-17 00:02:17,149] INFO django.server: "GET /admin/analytics/importjob/ HTTP/1.1" 200 12888
[2026-09-17 00:02:17,197] INFO django.server: "GET /admin/jsi18n/ HTTP/1.1" 200 17546
[2026-09-17 00:02:18,057] INFO django.server: "GET /api/tasks/ HTTP/1.1" 200 1289
[2026-09-17 00:02:20,006] INFO django.server: "GET /admin/analytics/importjob/?source__exact=gazoil HTTP/1.1" 200 13363
[2026-09-17 00:02:20,057] INFO django.server: "GET /admin/jsi18n/ HTTP/1.1" 200 17546
[2026-09-17 00:02:21,074] INFO django.server: "GET /api/tasks/ HTTP/1.1" 200 1289
[2026-09-17 00:02:21,074] INFO django.server: "GET /admin/analytics/importjob/? HTTP/1.1" 200 12888
[2026-09-17 00:02:21,121] INFO django.server: "GET /admin/jsi18n/ HTTP/1.1" 200 17546
[2026-09-17 00:02:22,870] INFO django.server: "GET /admin/analytics/importjob/? HTTP/1.1" 200 12888
[2026-09-17 00:02:22,913] INFO django.server: "GET /admin/jsi18n/ HTTP/1.1" 200 17546
[2026-09-17 00:02:23,056] INFO django.server: "GET /api/runner-status/ HTTP/1.1" 200 16
[2026-09-17 00:02:23,754] INFO django.server: "GET /admin/analytics/importjob/?source__exact=eurooil HTTP/1.1" 200 13376
[2026-09-17 00:02:23,810] INFO django.server: "GET /admin/jsi18n/ HTTP/1.1" 200 17546
[2026-09-17 00:02:24,049] INFO django.server: "GET /api/tasks/ HTTP/1.1" 200 1289
[2026-09-17 00:02:24,800] INFO django.server: "GET /admin/analytics/importjob/?source__exact=callcentre HTTP/1.1" 200 13415
[2026-09-17 00:02:24,845] INFO django.server: "GET /admin/jsi18n/ HTTP/1.1" 200 17546
[2026-09-17 00:02:27,058] INFO django.server: "GET /api/tasks/ HTTP/1.1" 200 1289
[2026-09-17 00:02:27,485] INFO django.server: "GET /admin/ HTTP/1.1" 200 9761
[2026-09-17 00:02:29,058] INFO django.server: "GET /api/runner-status/ HTTP/1.1" 200 16
[2026-09-17 00:02:30,060] INFO django.server: "GET /api/tasks/ HTTP/1.1" 200 1289
[2026-09-17 00:02:30,361] INFO django.server: "GET /admin/constance/config/ HTTP/1.1" 200 18475
[2026-09-17 00:02:30,406] INFO django.server: "GET /admin/jsi18n/ HTTP/1.1" 200 17546
[2026-09-17 00:02:33,050] INFO django.server: "GET /api/tasks/ HTTP/1.1" 200 1289
[2026-09-17 00:02:35,055] INFO django.server: "GET /api/runner-status/ HTTP/1.1" 200 16
[2026-09-17 00:02:36,060] INFO django.server: "GET /api/tasks/ HTTP/1.1" 200 1289
[2026-09-17 00:02:39,051] INFO django.server: "GET /api/tasks/ HTTP/1.1" 200 1289
[2026-09-17 00:02:41,063] INFO django.server: "GET /api/runner-status/ HTTP/1.1" 200 16
[2026-09-17 00:02:42,405] INFO django.server: "GET /api/tasks/ HTTP/1.1" 200 1289
[2026-09-17 00:02:45,054] INFO django.server: "GET /api/tasks/ HTTP/1.1" 200 1289
[2026-09-17 00:02:47,048] INFO django.server: "GET /api/runner-status/ HTTP/1.1" 200 16
[2026-09-17 00:02:48,048] INFO django.server: "GET /api/tasks/ HTTP/1.1" 200 1289
[2026-09-17 00:02:50,283] INFO django.server: "POST /admin/constance/config/ HTTP/1.1" 302 0
[2026-09-17 00:02:50,306] INFO django.server: "GET /admin/constance/config/ HTTP/1.1" 200 18640
[2026-09-17 00:02:50,356] INFO django.server: "GET /admin/jsi18n/ HTTP/1.1" 200 17546
[2026-09-17 00:02:50,694] INFO django.server: "GET /static/admin/img/icon-yes.svg HTTP/1.1" 200 436
[2026-09-17 00:02:51,050] INFO django.server: "GET /api/tasks/ HTTP/1.1" 200 1289
[2026-09-17 00:02:52,634] INFO django.server: "GET /admin/core/processingscript/ HTTP/1.1" 200 12322
[2026-09-17 00:02:52,678] INFO django.server: "GET /admin/jsi18n/ HTTP/1.1" 200 17546
[2026-09-17 00:02:53,044] INFO django.server: "GET /api/runner-status/ HTTP/1.1" 200 16
[2026-09-17 00:02:54,053] INFO django.server: "GET /api/tasks/ HTTP/1.1" 200 1289
[2026-09-17 00:02:56,251] INFO django.server: "GET /admin/core/processingscript/add/ HTTP/1.1" 200 16276
[2026-09-17 00:02:56,300] INFO django.server: "GET /admin/jsi18n/ HTTP/1.1" 200 17546
[2026-09-17 00:02:57,058] INFO django.server: "GET /api/tasks/ HTTP/1.1" 200 1289
[2026-09-17 00:02:59,055] INFO django.server: "GET /api/runner-status/ HTTP/1.1" 200 16
[2026-09-17 00:03:00,058] INFO django.server: "GET /api/tasks/ HTTP/1.1" 200 1289
[2026-09-17 00:03:03,409] INFO django.server: "GET /api/tasks/ HTTP/1.1" 200 1289
[2026-09-17 00:03:03,895] INFO django.server: "GET /admin/core/processingscript/ HTTP/1.1" 200 12322
[2026-09-17 00:03:03,944] INFO django.server: "GET /admin/jsi18n/ HTTP/1.1" 200 17546
[2026-09-17 00:03:05,058] INFO django.server: "GET /api/runner-status/ HTTP/1.1" 200 16
[2026-09-17 00:03:06,045] INFO django.server: "GET /api/tasks/ HTTP/1.1" 200 1289
[2026-09-17 00:03:09,053] INFO django.server: "GET /api/tasks/ HTTP/1.1" 200 1289
[2026-09-17 00:03:11,053] INFO django.server: "GET /api/runner-status/ HTTP/1.1" 200 16
[2026-09-17 00:03:12,056] INFO django.server: "GET /api/tasks/ HTTP/1.1" 200 1289
[2026-09-17 00:03:15,047] INFO django.server: "GET /api/tasks/ HTTP/1.1" 200 1289
[2026-09-17 00:03:17,047] INFO django.server: "GET /api/runner-status/ HTTP/1.1" 200 16
[2026-09-17 00:03:18,058] INFO django.server: "GET /api/tasks/ HTTP/1.1" 200 1289
[2026-09-17 00:03:21,059] INFO django.server: "GET /api/tasks/ HTTP/1.1" 200 1289
[2026-09-17 00:03:23,055] INFO django.server: "GET /api/runner-status/ HTTP/1.1" 200 16
[2026-09-17 00:03:24,058] INFO django.server: "GET /api/tasks/ HTTP/1.1" 200 1289
[2026-09-17 00:03:27,044] INFO django.server: "GET /api/tasks/ HTTP/1.1" 200 1289
[2026-09-17 00:03:29,046] INFO django.server: "GET /api/runner-status/ HTTP/1.1" 200 16
[2026-09-17 00:03:30,057] INFO django.server: "GET /api/tasks/ HTTP/1.1" 200 1289
[2026-09-17 00:03:33,059] INFO django.server: "GET /api/tasks/ HTTP/1.1" 200 1289
[2026-09-17 00:03:35,045] INFO django.server: "GET /api/runner-status/ HTTP/1.1" 200 16
[2026-09-17 00:03:36,051] INFO django.server: "GET /api/tasks/ HTTP/1.1" 200 1289
[2026-09-17 00:03:39,056] INFO django.server: "GET /api/tasks/ HTTP/1.1" 200 1289
[2026-09-17 00:03:41,065] INFO django.server: "GET /api/runner-status/ HTTP/1.1" 200 16
[2026-09-17 00:03:42,058] INFO django.server: "GET /api/tasks/ HTTP/1.1" 200 1289
[2026-09-17 00:03:45,051] INFO django.server: "GET /api/tasks/ HTTP/1.1" 200 1289
[2026-09-17 00:03:47,047] INFO django.server: "GET /api/runner-status/ HTTP/1.1" 200 16
[2026-09-17 00:03:48,048] INFO django.server: "GET /api/tasks/ HTTP/1.1" 200 1289
[2026-09-17 00:03:48,148] INFO django.server: "GET /admin/core/processingscript/ HTTP/1.1" 200 12322
[2026-09-17 00:03:48,200] INFO django.server: "GET /admin/jsi18n/ HTTP/1.1" 200 17546
[2026-09-17 00:03:51,045] INFO django.server: "GET /api/tasks/ HTTP/1.1" 200 1289
[2026-09-17 00:03:51,532] INFO django.server: "GET /admin/core/processingscript/add/ HTTP/1.1" 200 16276
[2026-09-17 00:03:51,581] INFO django.server: "GET /admin/jsi18n/ HTTP/1.1" 200 17546
[2026-09-17 00:03:53,054] INFO django.server: "GET /api/runner-status/ HTTP/1.1" 200 16
[2026-09-17 00:03:54,056] INFO django.server: "GET /api/tasks/ HTTP/1.1" 200 1289
[2026-09-17 00:03:57,055] INFO django.server: "GET /api/tasks/ HTTP/1.1" 200 1289
[2026-09-17 00:03:59,053] INFO django.server: "GET /api/runner-status/ HTTP/1.1" 200 16
[2026-09-17 00:04:00,050] INFO django.server: "GET /api/tasks/ HTTP/1.1" 200 1289
[2026-09-17 00:04:03,045] INFO django.server: "GET /api/tasks/ HTTP/1.1" 200 1289
[2026-09-17 00:04:04,608] INFO django.server: "GET / HTTP/1.1" 200 7214
[2026-09-17 00:04:04,697] INFO django.server: "GET /api/runner-status/ HTTP/1.1" 200 16
[2026-09-17 00:04:04,703] INFO django.server: "GET /api/tasks/ HTTP/1.1" 200 1289
[2026-09-17 00:04:05,056] INFO django.server: "GET /api/runner-status/ HTTP/1.1" 200 16
[2026-09-17 00:04:06,056] INFO django.server: "GET /api/tasks/ HTTP/1.1" 200 1289
[2026-09-17 00:04:06,165] INFO django.server: "GET /upload/ HTTP/1.1" 200 8520
[2026-09-17 00:04:06,226] INFO django.server: "GET /api/runner-status/ HTTP/1.1" 200 16
[2026-09-17 00:04:09,047] INFO django.server: "GET /api/tasks/ HTTP/1.1" 200 1289
[2026-09-17 00:04:11,054] INFO django.server: "GET /api/runner-status/ HTTP/1.1" 200 16
[2026-09-17 00:04:11,259] INFO django.server: "GET /api/runner-status/ HTTP/1.1" 200 16
[2026-09-17 00:04:12,054] INFO django.server: "GET /api/tasks/ HTTP/1.1" 200 1289
[2026-09-17 00:04:15,054] INFO django.server: "GET /api/tasks/ HTTP/1.1" 200 1289
[2026-09-17 00:04:15,133] ERROR django.request: Internal Server Error: /upload/
Traceback (most recent call last):
  File "/usr/local/lib/python3.11/site-packages/django/core/files/storage/handler.py", line 35, in __getitem__
    return self._storages[alias]
           ~~~~~~~~~~~~~~^^^^^^^
KeyError: 'default'

During handling of the above exception, another exception occurred:

Traceback (most recent call last):
  File "/usr/local/lib/python3.11/site-packages/django/core/files/storage/handler.py", line 38, in __getitem__
    params = self.backends[alias]
             ~~~~~~~~~~~~~^^^^^^^
KeyError: 'default'

During handling of the above exception, another exception occurred:

Traceback (most recent call last):
  File "/usr/local/lib/python3.11/site-packages/django/core/handlers/exception.py", line 55, in inner
    response = get_response(request)
               ^^^^^^^^^^^^^^^^^^^^^
  File "/usr/local/lib/python3.11/site-packages/django/core/handlers/base.py", line 197, in _get_response
    response = wrapped_callback(request, *callback_args, **callback_kwargs)
               ^^^^^^^^^^^^^^^^^^^^^^^^^^^^^^^^^^^^^^^^^^^^^^^^^^^^^^^^^^^^
  File "/usr/local/lib/python3.11/site-packages/django/contrib/auth/decorators.py", line 23, in _wrapper_view
    return view_func(request, *args, **kwargs)
           ^^^^^^^^^^^^^^^^^^^^^^^^^^^^^^^^^^^
  File "/app/core/views.py", line 62, in upload_file
    task.save()
  File "/usr/local/lib/python3.11/site-packages/django/db/models/base.py", line 822, in save
    self.save_base(
  File "/usr/local/lib/python3.11/site-packages/django/db/models/base.py", line 909, in save_base
    updated = self._save_table(
              ^^^^^^^^^^^^^^^^^
  File "/usr/local/lib/python3.11/site-packages/django/db/models/base.py", line 1071, in _save_table
    results = self._do_insert(
              ^^^^^^^^^^^^^^^^
  File "/usr/local/lib/python3.11/site-packages/django/db/models/base.py", line 1112, in _do_insert
    return manager._insert(
           ^^^^^^^^^^^^^^^^
  File "/usr/local/lib/python3.11/site-packages/django/db/models/manager.py", line 87, in manager_method
    return getattr(self.get_queryset(), name)(*args, **kwargs)
           ^^^^^^^^^^^^^^^^^^^^^^^^^^^^^^^^^^^^^^^^^^^^^^^^^^^
  File "/usr/local/lib/python3.11/site-packages/django/db/models/query.py", line 1847, in _insert
    return query.get_compiler(using=using).execute_sql(returning_fields)
           ^^^^^^^^^^^^^^^^^^^^^^^^^^^^^^^^^^^^^^^^^^^^^^^^^^^^^^^^^^^^^
  File "/usr/local/lib/python3.11/site-packages/django/db/models/sql/compiler.py", line 1822, in execute_sql
    for sql, params in self.as_sql():
                       ^^^^^^^^^^^^^
  File "/usr/local/lib/python3.11/site-packages/django/db/models/sql/compiler.py", line 1745, in as_sql
    value_rows = [
                 ^
  File "/usr/local/lib/python3.11/site-packages/django/db/models/sql/compiler.py", line 1746, in <listcomp>
    [
  File "/usr/local/lib/python3.11/site-packages/django/db/models/sql/compiler.py", line 1747, in <listcomp>
    self.prepare_value(field, self.pre_save_val(field, obj))
                              ^^^^^^^^^^^^^^^^^^^^^^^^^^^^^
  File "/usr/local/lib/python3.11/site-packages/django/db/models/sql/compiler.py", line 1695, in pre_save_val
    return field.pre_save(obj, add=True)
           ^^^^^^^^^^^^^^^^^^^^^^^^^^^^^
  File "/usr/local/lib/python3.11/site-packages/django/db/models/fields/files.py", line 324, in pre_save
    file.save(file.name, file.file, save=False)
  File "/usr/local/lib/python3.11/site-packages/django/db/models/fields/files.py", line 93, in save
    name = self.field.generate_filename(self.instance, name)
           ^^^^^^^^^^^^^^^^^^^^^^^^^^^^^^^^^^^^^^^^^^^^^^^^^
  File "/usr/local/lib/python3.11/site-packages/django/db/models/fields/files.py", line 344, in generate_filename
    return self.storage.generate_filename(filename)
           ^^^^^^^^^^^^^^^^^^^^^^^^^^^^^^
  File "/usr/local/lib/python3.11/site-packages/django/utils/functional.py", line 251, in inner
    self._setup()
  File "/usr/local/lib/python3.11/site-packages/django/core/files/storage/__init__.py", line 42, in _setup
    self._wrapped = storages[DEFAULT_STORAGE_ALIAS]
                    ~~~~~~~~^^^^^^^^^^^^^^^^^^^^^^^
  File "/usr/local/lib/python3.11/site-packages/django/core/files/storage/handler.py", line 40, in __getitem__
    raise InvalidStorageError(
django.core.files.storage.handler.InvalidStorageError: Could not find config for 'default' in settings.STORAGES.
[2026-09-17 00:04:15,138] ERROR django.server: "POST /upload/ HTTP/1.1" 500 172122
[2026-09-17 00:04:17,047] INFO django.server: "GET /api/runner-status/ HTTP/1.1" 200 16
[2026-09-17 00:04:18,057] INFO django.server: "GET /api/tasks/ HTTP/1.1" 200 1289
[2026-09-17 00:04:21,053] INFO django.server: "GET /api/tasks/ HTTP/1.1" 200 1289
[2026-09-17 00:04:23,054] INFO django.server: "GET /api/runner-status/ HTTP/1.1" 200 16
[2026-09-17 00:04:24,057] INFO django.server: "GET /api/tasks/ HTTP/1.1" 200 1289
[2026-09-17 00:04:27,058] INFO django.server: "GET /api/tasks/ HTTP/1.1" 200 1289
[2026-09-17 00:04:29,052] INFO django.server: "GET /api/runner-status/ HTTP/1.1" 200 16
[2026-09-17 00:04:30,053] INFO django.server: "GET /api/tasks/ HTTP/1.1" 200 1289
[2026-09-17 00:04:33,060] INFO django.server: "GET /api/tasks/ HTTP/1.1" 200 1289
[2026-09-17 00:04:35,054] INFO django.server: "GET /api/runner-status/ HTTP/1.1" 200 16
[2026-09-17 00:04:36,050] INFO django.server: "GET /api/tasks/ HTTP/1.1" 200 1289
[2026-09-17 00:04:39,052] INFO django.server: "GET /api/tasks/ HTTP/1.1" 200 1289
[2026-09-17 00:04:41,056] INFO django.server: "GET /api/runner-status/ HTTP/1.1" 200 16
[2026-09-17 00:04:42,050] INFO django.server: "GET /api/tasks/ HTTP/1.1" 200 1289
[2026-09-17 00:04:45,045] INFO django.server: "GET /api/tasks/ HTTP/1.1" 200 1289
[2026-09-17 00:04:47,045] INFO django.server: "GET /api/runner-status/ HTTP/1.1" 200 16
[2026-09-17 00:04:48,058] INFO django.server: "GET /api/tasks/ HTTP/1.1" 200 1289
[2026-09-17 00:04:51,060] INFO django.server: "GET /api/tasks/ HTTP/1.1" 200 1289
[2026-09-17 00:04:53,046] INFO django.server: "GET /api/runner-status/ HTTP/1.1" 200 16
[2026-09-17 00:04:54,050] INFO django.server: "GET /api/tasks/ HTTP/1.1" 200 1289
[2026-09-17 00:04:57,048] INFO django.server: "GET /api/tasks/ HTTP/1.1" 200 1289
[2026-09-17 00:04:59,049] INFO django.server: "GET /api/runner-status/ HTTP/1.1" 200 16
[2026-09-17 00:05:00,058] INFO django.server: "GET /api/tasks/ HTTP/1.1" 200 1289
[2026-09-17 00:05:03,056] INFO django.server: "GET /api/tasks/ HTTP/1.1" 200 1289
[2026-09-17 00:05:05,055] INFO django.server: "GET /api/runner-status/ HTTP/1.1" 200 16
[2026-09-17 00:05:06,058] INFO django.server: "GET /api/tasks/ HTTP/1.1" 200 1289
[2026-09-17 00:05:09,047] INFO django.server: "GET /api/tasks/ HTTP/1.1" 200 1289
[2026-09-17 00:05:11,058] INFO django.server: "GET /api/runner-status/ HTTP/1.1" 200 16
[2026-09-17 00:05:12,058] INFO django.server: "GET /api/tasks/ HTTP/1.1" 200 1289
[2026-09-17 00:05:15,057] INFO django.server: "GET /api/tasks/ HTTP/1.1" 200 1289
[2026-09-17 00:05:17,052] INFO django.server: "GET /api/runner-status/ HTTP/1.1" 200 16
[2026-09-17 00:05:18,052] INFO django.server: "GET /api/tasks/ HTTP/1.1" 200 1289
[2026-09-17 00:05:21,056] INFO django.server: "GET /api/tasks/ HTTP/1.1" 200 1289
[2026-09-17 00:05:23,056] INFO django.server: "GET /api/runner-status/ HTTP/1.1" 200 16
[2026-09-17 00:05:24,051] INFO django.server: "GET /api/tasks/ HTTP/1.1" 200 1289
[2026-09-17 00:05:27,054] INFO django.server: "GET /api/tasks/ HTTP/1.1" 200 1289
[2026-09-17 00:05:29,053] INFO django.server: "GET /api/runner-status/ HTTP/1.1" 200 16
[2026-09-17 00:05:30,055] INFO django.server: "GET /api/tasks/ HTTP/1.1" 200 1289
[2026-09-17 00:05:33,058] INFO django.server: "GET /api/tasks/ HTTP/1.1" 200 1289
[2026-09-17 00:05:35,045] INFO django.server: "GET /api/runner-status/ HTTP/1.1" 200 16
[2026-09-17 00:05:36,049] INFO django.server: "GET /api/tasks/ HTTP/1.1" 200 1289
[2026-09-17 00:05:39,057] INFO django.server: "GET /api/tasks/ HTTP/1.1" 200 1289
[2026-09-17 00:05:41,060] INFO django.server: "GET /api/runner-status/ HTTP/1.1" 200 16
[2026-09-17 00:05:42,056] INFO django.server: "GET /api/tasks/ HTTP/1.1" 200 1289
[2026-09-17 00:05:45,059] INFO django.server: "GET /api/tasks/ HTTP/1.1" 200 1289
[2026-09-17 00:05:47,050] INFO django.server: "GET /api/runner-status/ HTTP/1.1" 200 16
[2026-09-17 00:05:48,051] INFO django.server: "GET /api/tasks/ HTTP/1.1" 200 1289
[2026-09-17 00:05:51,061] INFO django.server: "GET /api/tasks/ HTTP/1.1" 200 1289
[2026-09-17 00:05:53,055] INFO django.server: "GET /api/runner-status/ HTTP/1.1" 200 16
[2026-09-17 00:05:54,052] INFO django.server: "GET /api/tasks/ HTTP/1.1" 200 1289
[2026-09-17 00:05:57,065] INFO django.server: "GET /api/tasks/ HTTP/1.1" 200 1289
[2026-09-17 00:05:59,052] INFO django.server: "GET /api/runner-status/ HTTP/1.1" 200 16
[2026-09-17 00:06:00,048] INFO django.server: "GET /api/tasks/ HTTP/1.1" 200 1289
[2026-09-17 00:06:03,050] INFO django.server: "GET /api/tasks/ HTTP/1.1" 200 1289
[2026-09-17 00:06:05,048] INFO django.server: "GET /api/runner-status/ HTTP/1.1" 200 16
[2026-09-17 00:06:06,412] INFO django.server: "GET /api/tasks/ HTTP/1.1" 200 1289
[2026-09-17 00:06:09,049] INFO django.server: "GET /api/tasks/ HTTP/1.1" 200 1289
[2026-09-17 00:06:11,058] INFO django.server: "GET /api/runner-status/ HTTP/1.1" 200 16
[2026-09-17 00:06:12,058] INFO django.server: "GET /api/tasks/ HTTP/1.1" 200 1289
[2026-09-17 00:06:15,057] INFO django.server: "GET /api/tasks/ HTTP/1.1" 200 1289
[2026-09-17 00:06:17,048] INFO django.server: "GET /api/runner-status/ HTTP/1.1" 200 16
[2026-09-17 00:06:18,050] INFO django.server: "GET /api/tasks/ HTTP/1.1" 200 1289
[2026-09-17 00:06:21,045] INFO django.server: "GET /api/tasks/ HTTP/1.1" 200 1289
[2026-09-17 00:06:23,057] INFO django.server: "GET /api/runner-status/ HTTP/1.1" 200 16
[2026-09-17 00:06:24,417] INFO django.server: "GET /api/tasks/ HTTP/1.1" 200 1289
[2026-09-17 00:06:27,056] INFO django.server: "GET /api/tasks/ HTTP/1.1" 200 1289
[2026-09-17 00:06:29,055] INFO django.server: "GET /api/runner-status/ HTTP/1.1" 200 16
[2026-09-17 00:06:30,060] INFO django.server: "GET /api/tasks/ HTTP/1.1" 200 1289
[2026-09-17 00:06:33,055] INFO django.server: "GET /api/tasks/ HTTP/1.1" 200 1289
[2026-09-17 00:06:35,056] INFO django.server: "GET /api/runner-status/ HTTP/1.1" 200 16
[2026-09-17 00:06:36,053] INFO django.server: "GET /api/tasks/ HTTP/1.1" 200 1289
[2026-09-17 00:06:39,060] INFO django.server: "GET /api/tasks/ HTTP/1.1" 200 1289
[2026-09-17 00:06:41,064] INFO django.server: "GET /api/runner-status/ HTTP/1.1" 200 16
[2026-09-17 00:06:42,057] INFO django.server: "GET /api/tasks/ HTTP/1.1" 200 1289
[2026-09-17 00:06:45,059] INFO django.server: "GET /api/tasks/ HTTP/1.1" 200 1289
[2026-09-17 00:06:47,046] INFO django.server: "GET /api/runner-status/ HTTP/1.1" 200 16
[2026-09-17 00:06:48,059] INFO django.server: "GET /api/tasks/ HTTP/1.1" 200 1289
[2026-09-17 00:06:51,053] INFO django.server: "GET /api/tasks/ HTTP/1.1" 200 1289
[2026-09-17 00:06:53,048] INFO django.server: "GET /api/runner-status/ HTTP/1.1" 200 16
[2026-09-17 00:06:54,057] INFO django.server: "GET /api/tasks/ HTTP/1.1" 200 1289
[2026-09-17 00:06:57,051] INFO django.server: "GET /api/tasks/ HTTP/1.1" 200 1289
[2026-09-17 00:06:59,045] INFO django.server: "GET /api/runner-status/ HTTP/1.1" 200 16
[2026-09-17 00:07:00,046] INFO django.server: "GET /api/tasks/ HTTP/1.1" 200 1289
[2026-09-17 00:07:03,051] INFO django.server: "GET /api/tasks/ HTTP/1.1" 200 1289
[2026-09-17 00:07:05,053] INFO django.server: "GET /api/runner-status/ HTTP/1.1" 200 16
[2026-09-17 00:07:06,054] INFO django.server: "GET /api/tasks/ HTTP/1.1" 200 1289
[2026-09-17 00:07:09,050] INFO django.server: "GET /api/tasks/ HTTP/1.1" 200 1289
[2026-09-17 00:07:11,057] INFO django.server: "GET /api/runner-status/ HTTP/1.1" 200 16
[2026-09-17 00:07:12,044] INFO django.server: "GET /api/tasks/ HTTP/1.1" 200 1289
[2026-09-17 00:07:15,052] INFO django.server: "GET /api/tasks/ HTTP/1.1" 200 1289
[2026-09-17 00:07:17,048] INFO django.server: "GET /api/runner-status/ HTTP/1.1" 200 16
[2026-09-17 00:07:18,045] INFO django.server: "GET /api/tasks/ HTTP/1.1" 200 1289
[2026-09-17 00:07:21,052] INFO django.server: "GET /api/tasks/ HTTP/1.1" 200 1289
[2026-09-17 00:07:23,043] INFO django.server: "GET /api/runner-status/ HTTP/1.1" 200 16
[2026-09-17 00:07:24,058] INFO django.server: "GET /api/tasks/ HTTP/1.1" 200 1289
[2026-09-17 00:07:27,053] INFO django.server: "GET /api/tasks/ HTTP/1.1" 200 1289
[2026-09-17 00:07:29,050] INFO django.server: "GET /api/runner-status/ HTTP/1.1" 200 16
[2026-09-17 00:07:30,051] INFO django.server: "GET /api/tasks/ HTTP/1.1" 200 1289
[2026-09-17 00:07:33,412] INFO django.server: "GET /api/tasks/ HTTP/1.1" 200 1289
[2026-09-17 00:07:35,046] INFO django.server: "GET /api/runner-status/ HTTP/1.1" 200 16
[2026-09-17 00:07:36,048] INFO django.server: "GET /api/tasks/ HTTP/1.1" 200 1289
[2026-09-17 00:07:39,060] INFO django.server: "GET /api/tasks/ HTTP/1.1" 200 1289
[2026-09-17 00:07:41,048] INFO django.server: "GET /api/runner-status/ HTTP/1.1" 200 16
[2026-09-17 00:07:42,053] INFO django.server: "GET /api/tasks/ HTTP/1.1" 200 1289
[2026-09-17 00:07:45,060] INFO django.server: "GET /api/tasks/ HTTP/1.1" 200 1289
[2026-09-17 00:07:47,045] INFO django.server: "GET /api/runner-status/ HTTP/1.1" 200 16
[2026-09-17 00:07:48,052] INFO django.server: "GET /api/tasks/ HTTP/1.1" 200 1289
[2026-09-17 00:07:51,050] INFO django.server: "GET /api/tasks/ HTTP/1.1" 200 1289
[2026-09-17 00:07:53,051] INFO django.server: "GET /api/runner-status/ HTTP/1.1" 200 16
[2026-09-17 00:07:54,048] INFO django.server: "GET /api/tasks/ HTTP/1.1" 200 1289
[2026-09-17 00:07:57,053] INFO django.server: "GET /api/tasks/ HTTP/1.1" 200 1289
[2026-09-17 00:07:59,050] INFO django.server: "GET /api/runner-status/ HTTP/1.1" 200 16
[2026-09-17 00:08:00,048] INFO django.server: "GET /api/tasks/ HTTP/1.1" 200 1289
[2026-09-17 00:08:03,050] INFO django.server: "GET /api/tasks/ HTTP/1.1" 200 1289
[2026-09-17 00:08:05,047] INFO django.server: "GET /api/runner-status/ HTTP/1.1" 200 16
[2026-09-17 00:08:06,061] INFO django.server: "GET /api/tasks/ HTTP/1.1" 200 1289
[2026-09-17 00:08:09,397] INFO django.server: "GET /api/tasks/ HTTP/1.1" 200 1289
[2026-09-17 00:08:09,878] INFO django.server: "GET /analytics/ HTTP/1.1" 200 4652
[2026-09-17 00:08:09,954] INFO django.server: "GET /api/runner-status/ HTTP/1.1" 200 16
[2026-09-17 00:08:11,051] INFO django.server: "GET /api/runner-status/ HTTP/1.1" 200 16
[2026-09-17 00:08:11,181] INFO django.server: "GET /analytics/ HTTP/1.1" 200 4652
[2026-09-17 00:08:11,243] INFO django.server: "GET /api/runner-status/ HTTP/1.1" 200 16
[2026-09-17 00:08:12,053] INFO django.server: "GET /api/tasks/ HTTP/1.1" 200 1289
[2026-09-17 00:08:13,016] INFO django.server: "GET /analytics/create/ HTTP/1.1" 200 5832
[2026-09-17 00:08:13,069] INFO django.server: "GET /api/runner-status/ HTTP/1.1" 200 16
[2026-09-17 00:08:15,046] INFO django.server: "GET /api/tasks/ HTTP/1.1" 200 1289
[2026-09-17 00:08:17,046] INFO django.server: "GET /api/runner-status/ HTTP/1.1" 200 16
[2026-09-17 00:08:18,043] INFO django.server: "GET /api/tasks/ HTTP/1.1" 200 1289
[2026-09-17 00:08:18,088] INFO django.server: "GET /api/runner-status/ HTTP/1.1" 200 16
[2026-09-17 00:08:21,054] INFO django.server: "GET /api/tasks/ HTTP/1.1" 200 1289
[2026-09-17 00:08:23,050] INFO django.server: "GET /api/runner-status/ HTTP/1.1" 200 16
[2026-09-17 00:08:24,055] INFO django.server: "GET /api/runner-status/ HTTP/1.1" 200 16
[2026-09-17 00:08:24,059] INFO django.server: "GET /api/tasks/ HTTP/1.1" 200 1289
[2026-09-17 00:08:27,045] INFO django.server: "GET /api/tasks/ HTTP/1.1" 200 1289
[2026-09-17 00:08:29,060] INFO django.server: "GET /api/runner-status/ HTTP/1.1" 200 16
[2026-09-17 00:08:30,060] INFO django.server: "GET /api/runner-status/ HTTP/1.1" 200 16
[2026-09-17 00:08:30,063] INFO django.server: "GET /api/tasks/ HTTP/1.1" 200 1289
[2026-09-17 00:08:33,046] INFO django.server: "GET /api/tasks/ HTTP/1.1" 200 1289
[2026-09-17 00:08:35,049] INFO django.server: "GET /api/runner-status/ HTTP/1.1" 200 16
[2026-09-17 00:08:36,047] INFO django.server: "GET /api/runner-status/ HTTP/1.1" 200 16
[2026-09-17 00:08:36,049] INFO django.server: "GET /api/tasks/ HTTP/1.1" 200 1289
[2026-09-17 00:08:39,060] INFO django.server: "GET /api/tasks/ HTTP/1.1" 200 1289
[2026-09-17 00:08:41,056] INFO django.server: "GET /api/runner-status/ HTTP/1.1" 200 16
[2026-09-17 00:08:42,048] INFO django.server: "GET /api/runner-status/ HTTP/1.1" 200 16
[2026-09-17 00:08:42,052] INFO django.server: "GET /api/tasks/ HTTP/1.1" 200 1289
[2026-09-17 00:08:45,047] INFO django.server: "GET /api/tasks/ HTTP/1.1" 200 1289
[2026-09-17 00:08:47,050] INFO django.server: "GET /api/runner-status/ HTTP/1.1" 200 16
[2026-09-17 00:08:48,047] INFO django.server: "GET /api/runner-status/ HTTP/1.1" 200 16
[2026-09-17 00:08:48,049] INFO django.server: "GET /api/tasks/ HTTP/1.1" 200 1289
[2026-09-17 00:08:51,055] INFO django.server: "GET /api/tasks/ HTTP/1.1" 200 1289
[2026-09-17 00:08:53,048] INFO django.server: "GET /api/runner-status/ HTTP/1.1" 200 16
[2026-09-17 00:08:54,055] INFO django.server: "GET /api/runner-status/ HTTP/1.1" 200 16
[2026-09-17 00:08:54,057] INFO django.server: "GET /api/tasks/ HTTP/1.1" 200 1289
[2026-09-17 00:08:57,054] INFO django.server: "GET /api/tasks/ HTTP/1.1" 200 1289
[2026-09-17 00:08:59,050] INFO django.server: "GET /api/runner-status/ HTTP/1.1" 200 16
[2026-09-17 00:09:00,052] INFO django.server: "GET /api/runner-status/ HTTP/1.1" 200 16
[2026-09-17 00:09:00,055] INFO django.server: "GET /api/tasks/ HTTP/1.1" 200 1289
[2026-09-17 00:09:03,055] INFO django.server: "GET /api/tasks/ HTTP/1.1" 200 1289
[2026-09-17 00:09:05,053] INFO django.server: "GET /api/runner-status/ HTTP/1.1" 200 16
[2026-09-17 00:09:06,059] INFO django.server: "GET /api/runner-status/ HTTP/1.1" 200 16
[2026-09-17 00:09:06,061] INFO django.server: "GET /api/tasks/ HTTP/1.1" 200 1289
[2026-09-17 00:09:09,062] INFO django.server: "GET /api/tasks/ HTTP/1.1" 200 1289
[2026-09-17 00:09:11,056] INFO django.server: "GET /api/runner-status/ HTTP/1.1" 200 16
[2026-09-17 00:09:12,060] INFO django.server: "GET /api/runner-status/ HTTP/1.1" 200 16
[2026-09-17 00:09:12,063] INFO django.server: "GET /api/tasks/ HTTP/1.1" 200 1289
[2026-09-17 00:09:15,057] INFO django.server: "GET /api/tasks/ HTTP/1.1" 200 1289
[2026-09-17 00:09:17,050] INFO django.server: "GET /api/runner-status/ HTTP/1.1" 200 16
[2026-09-17 00:09:18,398] INFO django.server: "GET /api/tasks/ HTTP/1.1" 200 1289
[2026-09-17 00:09:18,411] INFO django.server: "GET /api/runner-status/ HTTP/1.1" 200 16
[2026-09-17 00:09:21,054] INFO django.server: "GET /api/tasks/ HTTP/1.1" 200 1289
[2026-09-17 00:09:23,050] INFO django.server: "GET /api/runner-status/ HTTP/1.1" 200 16
[2026-09-17 00:09:24,048] INFO django.server: "GET /api/runner-status/ HTTP/1.1" 200 16
[2026-09-17 00:09:24,051] INFO django.server: "GET /api/tasks/ HTTP/1.1" 200 1289
[2026-09-17 00:09:27,055] INFO django.server: "GET /api/tasks/ HTTP/1.1" 200 1289
[2026-09-17 00:09:29,051] INFO django.server: "GET /api/runner-status/ HTTP/1.1" 200 16
[2026-09-17 00:09:30,050] INFO django.server: "GET /api/runner-status/ HTTP/1.1" 200 16
[2026-09-17 00:09:30,053] INFO django.server: "GET /api/tasks/ HTTP/1.1" 200 1289
[2026-09-17 00:09:33,050] INFO django.server: "GET /api/tasks/ HTTP/1.1" 200 1289
[2026-09-17 00:09:35,056] INFO django.server: "GET /api/runner-status/ HTTP/1.1" 200 16
[2026-09-17 00:09:36,064] INFO django.server: "GET /api/runner-status/ HTTP/1.1" 200 16
[2026-09-17 00:09:36,067] INFO django.server: "GET /api/tasks/ HTTP/1.1" 200 1289
[2026-09-17 00:09:39,047] INFO django.server: "GET /api/tasks/ HTTP/1.1" 200 1289
[2026-09-17 00:09:41,049] INFO django.server: "GET /api/runner-status/ HTTP/1.1" 200 16
[2026-09-17 00:09:42,053] INFO django.server: "GET /api/runner-status/ HTTP/1.1" 200 16
[2026-09-17 00:09:42,055] INFO django.server: "GET /api/tasks/ HTTP/1.1" 200 1289
[2026-09-17 00:09:45,045] INFO django.server: "GET /api/tasks/ HTTP/1.1" 200 1289
[2026-09-17 00:09:47,053] INFO django.server: "GET /api/runner-status/ HTTP/1.1" 200 16
[2026-09-17 00:09:48,059] INFO django.server: "GET /api/runner-status/ HTTP/1.1" 200 16
[2026-09-17 00:09:48,064] INFO django.server: "GET /api/tasks/ HTTP/1.1" 200 1289
[2026-09-17 00:09:51,057] INFO django.server: "GET /api/tasks/ HTTP/1.1" 200 1289
[2026-09-17 00:09:53,049] INFO django.server: "GET /api/runner-status/ HTTP/1.1" 200 16
[2026-09-17 00:09:54,044] INFO django.server: "GET /api/runner-status/ HTTP/1.1" 200 16
[2026-09-17 00:09:54,059] INFO django.server: "GET /api/tasks/ HTTP/1.1" 200 1289
[2026-09-17 00:09:57,058] INFO django.server: "GET /api/tasks/ HTTP/1.1" 200 1289
[2026-09-17 00:09:59,055] INFO django.server: "GET /api/runner-status/ HTTP/1.1" 200 16
[2026-09-17 00:10:00,055] INFO django.server: "GET /api/runner-status/ HTTP/1.1" 200 16
[2026-09-17 00:10:00,058] INFO django.server: "GET /api/tasks/ HTTP/1.1" 200 1289
[2026-09-17 00:10:03,057] INFO django.server: "GET /api/tasks/ HTTP/1.1" 200 1289
[2026-09-17 00:10:05,057] INFO django.server: "GET /api/runner-status/ HTTP/1.1" 200 16
[2026-09-17 00:10:06,059] INFO django.server: "GET /api/runner-status/ HTTP/1.1" 200 16
[2026-09-17 00:10:06,061] INFO django.server: "GET /api/tasks/ HTTP/1.1" 200 1289
[2026-09-17 00:10:09,056] INFO django.server: "GET /api/tasks/ HTTP/1.1" 200 1289
[2026-09-17 00:10:11,056] INFO django.server: "GET /api/runner-status/ HTTP/1.1" 200 16
[2026-09-17 00:10:12,045] INFO django.server: "GET /api/tasks/ HTTP/1.1" 200 1289
[2026-09-17 00:10:12,058] INFO django.server: "GET /api/runner-status/ HTTP/1.1" 200 16
[2026-09-17 00:10:15,051] INFO django.server: "GET /api/tasks/ HTTP/1.1" 200 1289
[2026-09-17 00:10:17,054] INFO django.server: "GET /api/runner-status/ HTTP/1.1" 200 16
[2026-09-17 00:10:18,053] INFO django.server: "GET /api/runner-status/ HTTP/1.1" 200 16
[2026-09-17 00:10:18,055] INFO django.server: "GET /api/tasks/ HTTP/1.1" 200 1289
[2026-09-17 00:10:21,057] INFO django.server: "GET /api/tasks/ HTTP/1.1" 200 1289
[2026-09-17 00:10:23,046] INFO django.server: "GET /api/runner-status/ HTTP/1.1" 200 16
[2026-09-17 00:10:24,050] INFO django.server: "GET /api/runner-status/ HTTP/1.1" 200 16
[2026-09-17 00:10:24,051] INFO django.server: "GET /api/tasks/ HTTP/1.1" 200 1289
[2026-09-17 00:10:27,054] INFO django.server: "GET /api/tasks/ HTTP/1.1" 200 1289
[2026-09-17 00:10:29,059] INFO django.server: "GET /api/runner-status/ HTTP/1.1" 200 16
[2026-09-17 00:10:30,051] INFO django.server: "GET /api/runner-status/ HTTP/1.1" 200 16
[2026-09-17 00:10:30,057] INFO django.server: "GET /api/tasks/ HTTP/1.1" 200 1289
[2026-09-17 00:10:33,405] INFO django.server: "GET /api/tasks/ HTTP/1.1" 200 1289
[2026-09-17 00:10:35,050] INFO django.server: "GET /api/runner-status/ HTTP/1.1" 200 16
[2026-09-17 00:10:36,052] INFO django.server: "GET /api/tasks/ HTTP/1.1" 200 1289
[2026-09-17 00:10:36,402] INFO django.server: "GET /api/runner-status/ HTTP/1.1" 200 16
[2026-09-17 00:10:39,051] INFO django.server: "GET /api/tasks/ HTTP/1.1" 200 1289
[2026-09-17 00:10:41,052] INFO django.server: "GET /api/runner-status/ HTTP/1.1" 200 16
[2026-09-17 00:10:42,046] INFO django.server: "GET /api/runner-status/ HTTP/1.1" 200 16
[2026-09-17 00:10:42,051] INFO django.server: "GET /api/tasks/ HTTP/1.1" 200 1289
[2026-09-17 00:10:45,053] INFO django.server: "GET /api/tasks/ HTTP/1.1" 200 1289
[2026-09-17 00:10:47,059] INFO django.server: "GET /api/runner-status/ HTTP/1.1" 200 16
[2026-09-17 00:10:48,053] INFO django.server: "GET /api/runner-status/ HTTP/1.1" 200 16
[2026-09-17 00:10:48,058] INFO django.server: "GET /api/tasks/ HTTP/1.1" 200 1289
[2026-09-17 00:10:51,058] INFO django.server: "GET /api/tasks/ HTTP/1.1" 200 1289
[2026-09-17 00:10:53,047] INFO django.server: "GET /api/runner-status/ HTTP/1.1" 200 16
[2026-09-17 00:10:54,048] INFO django.server: "GET /api/runner-status/ HTTP/1.1" 200 16
[2026-09-17 00:10:54,052] INFO django.server: "GET /api/tasks/ HTTP/1.1" 200 1289
[2026-09-17 00:10:57,060] INFO django.server: "GET /api/tasks/ HTTP/1.1" 200 1289
[2026-09-17 00:10:59,057] INFO django.server: "GET /api/runner-status/ HTTP/1.1" 200 16
[2026-09-17 00:11:00,057] INFO django.server: "GET /api/runner-status/ HTTP/1.1" 200 16
[2026-09-17 00:11:00,060] INFO django.server: "GET /api/tasks/ HTTP/1.1" 200 1289
[2026-09-17 00:11:03,052] INFO django.server: "GET /api/tasks/ HTTP/1.1" 200 1289
[2026-09-17 00:11:05,057] INFO django.server: "GET /api/runner-status/ HTTP/1.1" 200 16
[2026-09-17 00:11:06,055] INFO django.server: "GET /api/runner-status/ HTTP/1.1" 200 16
[2026-09-17 00:11:06,061] INFO django.server: "GET /api/tasks/ HTTP/1.1" 200 1289
[2026-09-17 00:11:09,051] INFO django.server: "GET /api/tasks/ HTTP/1.1" 200 1289
[2026-09-17 00:11:11,050] INFO django.server: "GET /api/runner-status/ HTTP/1.1" 200 16
[2026-09-17 00:11:12,057] INFO django.server: "GET /api/runner-status/ HTTP/1.1" 200 16
[2026-09-17 00:11:12,059] INFO django.server: "GET /api/tasks/ HTTP/1.1" 200 1289
[2026-09-17 00:11:15,058] INFO django.server: "GET /api/tasks/ HTTP/1.1" 200 1289
[2026-09-17 00:11:17,055] INFO django.server: "GET /api/runner-status/ HTTP/1.1" 200 16
[2026-09-17 00:11:18,050] INFO django.server: "GET /api/runner-status/ HTTP/1.1" 200 16
[2026-09-17 00:11:18,054] INFO django.server: "GET /api/tasks/ HTTP/1.1" 200 1289
[2026-09-17 00:11:21,060] INFO django.server: "GET /api/tasks/ HTTP/1.1" 200 1289
[2026-09-17 00:11:23,049] INFO django.server: "GET /api/runner-status/ HTTP/1.1" 200 16
[2026-09-17 00:11:24,058] INFO django.server: "GET /api/runner-status/ HTTP/1.1" 200 16
[2026-09-17 00:11:24,059] INFO django.server: "GET /api/tasks/ HTTP/1.1" 200 1289
[2026-09-17 00:11:27,065] INFO django.server: "GET /api/tasks/ HTTP/1.1" 200 1289
[2026-09-17 00:11:29,053] INFO django.server: "GET /api/runner-status/ HTTP/1.1" 200 16
[2026-09-17 00:11:30,053] INFO django.server: "GET /api/runner-status/ HTTP/1.1" 200 16
[2026-09-17 00:11:30,055] INFO django.server: "GET /api/tasks/ HTTP/1.1" 200 1289
[2026-09-17 00:11:33,056] INFO django.server: "GET /api/tasks/ HTTP/1.1" 200 1289
[2026-09-17 00:11:35,049] INFO django.server: "GET /api/runner-status/ HTTP/1.1" 200 16
[2026-09-17 00:11:36,056] INFO django.server: "GET /api/runner-status/ HTTP/1.1" 200 16
[2026-09-17 00:11:36,058] INFO django.server: "GET /api/tasks/ HTTP/1.1" 200 1289
[2026-09-17 00:11:39,044] INFO django.server: "GET /api/tasks/ HTTP/1.1" 200 1289
[2026-09-17 00:11:41,400] INFO django.server: "GET /api/runner-status/ HTTP/1.1" 200 16
[2026-09-17 00:11:42,053] INFO django.server: "GET /api/tasks/ HTTP/1.1" 200 1289
[2026-09-17 00:11:42,404] INFO django.server: "GET /api/runner-status/ HTTP/1.1" 200 16
[2026-09-17 00:11:45,055] INFO django.server: "GET /api/tasks/ HTTP/1.1" 200 1289
[2026-09-17 00:11:47,058] INFO django.server: "GET /api/runner-status/ HTTP/1.1" 200 16
[2026-09-17 00:11:48,057] INFO django.server: "GET /api/runner-status/ HTTP/1.1" 200 16
[2026-09-17 00:11:48,059] INFO django.server: "GET /api/tasks/ HTTP/1.1" 200 1289
[2026-09-17 00:11:51,057] INFO django.server: "GET /api/tasks/ HTTP/1.1" 200 1289
[2026-09-17 00:11:53,047] INFO django.server: "GET /api/runner-status/ HTTP/1.1" 200 16
[2026-09-17 00:11:54,053] INFO django.server: "GET /api/runner-status/ HTTP/1.1" 200 16
[2026-09-17 00:11:54,055] INFO django.server: "GET /api/tasks/ HTTP/1.1" 200 1289
[2026-09-17 00:11:57,058] INFO django.server: "GET /api/tasks/ HTTP/1.1" 200 1289
[2026-09-17 00:11:59,046] INFO django.server: "GET /api/runner-status/ HTTP/1.1" 200 16
[2026-09-17 00:12:00,059] INFO django.server: "GET /api/runner-status/ HTTP/1.1" 200 16
[2026-09-17 00:12:00,063] INFO django.server: "GET /api/tasks/ HTTP/1.1" 200 1289
[2026-09-17 00:12:03,061] INFO django.server: "GET /api/tasks/ HTTP/1.1" 200 1289
[2026-09-17 00:12:05,056] INFO django.server: "GET /api/runner-status/ HTTP/1.1" 200 16
[2026-09-17 00:12:06,048] INFO django.server: "GET /api/runner-status/ HTTP/1.1" 200 16
[2026-09-17 00:12:06,051] INFO django.server: "GET /api/tasks/ HTTP/1.1" 200 1289
[2026-09-17 00:12:09,054] INFO django.server: "GET /api/tasks/ HTTP/1.1" 200 1289
[2026-09-17 00:12:11,049] INFO django.server: "GET /api/runner-status/ HTTP/1.1" 200 16
[2026-09-17 00:12:12,047] INFO django.server: "GET /api/runner-status/ HTTP/1.1" 200 16
[2026-09-17 00:12:12,052] INFO django.server: "GET /api/tasks/ HTTP/1.1" 200 1289
[2026-09-17 00:12:15,058] INFO django.server: "GET /api/tasks/ HTTP/1.1" 200 1289
[2026-09-17 00:12:17,050] INFO django.server: "GET /api/runner-status/ HTTP/1.1" 200 16
[2026-09-17 00:12:18,048] INFO django.server: "GET /api/runner-status/ HTTP/1.1" 200 16
[2026-09-17 00:12:18,051] INFO django.server: "GET /api/tasks/ HTTP/1.1" 200 1289
[2026-09-17 00:12:21,055] INFO django.server: "GET /api/tasks/ HTTP/1.1" 200 1289
[2026-09-17 00:12:23,065] INFO django.server: "GET /api/runner-status/ HTTP/1.1" 200 16
[2026-09-17 00:12:24,057] INFO django.server: "GET /api/runner-status/ HTTP/1.1" 200 16
[2026-09-17 00:12:24,062] INFO django.server: "GET /api/tasks/ HTTP/1.1" 200 1289
[2026-09-17 00:12:27,057] INFO django.server: "GET /api/tasks/ HTTP/1.1" 200 1289
[2026-09-17 00:12:29,057] INFO django.server: "GET /api/runner-status/ HTTP/1.1" 200 16
[2026-09-17 00:12:30,056] INFO django.server: "GET /api/runner-status/ HTTP/1.1" 200 16
[2026-09-17 00:12:30,058] INFO django.server: "GET /api/tasks/ HTTP/1.1" 200 1289
[2026-09-17 00:12:33,058] INFO django.server: "GET /api/tasks/ HTTP/1.1" 200 1289
[2026-09-17 00:12:35,053] INFO django.server: "GET /api/runner-status/ HTTP/1.1" 200 16
[2026-09-17 00:12:36,053] INFO django.server: "GET /api/runner-status/ HTTP/1.1" 200 16
[2026-09-17 00:12:36,056] INFO django.server: "GET /api/tasks/ HTTP/1.1" 200 1289
[2026-09-17 00:12:39,048] INFO django.server: "GET /api/tasks/ HTTP/1.1" 200 1289
[2026-09-17 00:12:41,049] INFO django.server: "GET /api/runner-status/ HTTP/1.1" 200 16
[2026-09-17 00:12:42,048] INFO django.server: "GET /api/tasks/ HTTP/1.1" 200 1289
[2026-09-17 00:12:42,058] INFO django.server: "GET /api/runner-status/ HTTP/1.1" 200 16
[2026-09-17 00:12:45,055] INFO django.server: "GET /api/tasks/ HTTP/1.1" 200 1289
[2026-09-17 00:12:47,055] INFO django.server: "GET /api/runner-status/ HTTP/1.1" 200 16
[2026-09-17 00:12:48,053] INFO django.server: "GET /api/runner-status/ HTTP/1.1" 200 16
[2026-09-17 00:12:48,057] INFO django.server: "GET /api/tasks/ HTTP/1.1" 200 1289
[2026-09-17 00:12:51,055] INFO django.server: "GET /api/tasks/ HTTP/1.1" 200 1289
[2026-09-17 00:12:53,054] INFO django.server: "GET /api/runner-status/ HTTP/1.1" 200 16
[2026-09-17 00:12:54,055] INFO django.server: "GET /api/runner-status/ HTTP/1.1" 200 16
[2026-09-17 00:12:54,057] INFO django.server: "GET /api/tasks/ HTTP/1.1" 200 1289
[2026-09-17 00:12:57,052] INFO django.server: "GET /api/tasks/ HTTP/1.1" 200 1289
[2026-09-17 00:12:59,046] INFO django.server: "GET /api/runner-status/ HTTP/1.1" 200 16
[2026-09-17 00:13:00,059] INFO django.server: "GET /api/runner-status/ HTTP/1.1" 200 16
[2026-09-17 00:13:00,061] INFO django.server: "GET /api/tasks/ HTTP/1.1" 200 1289
[2026-09-17 00:13:03,051] INFO django.server: "GET /api/tasks/ HTTP/1.1" 200 1289
[2026-09-17 00:13:05,047] INFO django.server: "GET /api/runner-status/ HTTP/1.1" 200 16
[2026-09-17 00:13:06,051] INFO django.server: "GET /api/runner-status/ HTTP/1.1" 200 16
[2026-09-17 00:13:06,055] INFO django.server: "GET /api/tasks/ HTTP/1.1" 200 1289
[2026-09-17 00:13:09,046] INFO django.server: "GET /api/tasks/ HTTP/1.1" 200 1289
[2026-09-17 00:13:11,052] INFO django.server: "GET /api/runner-status/ HTTP/1.1" 200 16
[2026-09-17 00:13:12,045] INFO django.server: "GET /api/runner-status/ HTTP/1.1" 200 16
[2026-09-17 00:13:12,047] INFO django.server: "GET /api/tasks/ HTTP/1.1" 200 1289
[2026-09-17 00:13:15,055] INFO django.server: "GET /api/tasks/ HTTP/1.1" 200 1289
[2026-09-17 00:13:17,048] INFO django.server: "GET /api/runner-status/ HTTP/1.1" 200 16
[2026-09-17 00:13:18,047] INFO django.server: "GET /api/tasks/ HTTP/1.1" 200 1289
[2026-09-17 00:13:18,058] INFO django.server: "GET /api/runner-status/ HTTP/1.1" 200 16
[2026-09-17 00:13:21,052] INFO django.server: "GET /api/tasks/ HTTP/1.1" 200 1289
[2026-09-17 00:13:23,053] INFO django.server: "GET /api/runner-status/ HTTP/1.1" 200 16
[2026-09-17 00:13:24,055] INFO django.server: "GET /api/runner-status/ HTTP/1.1" 200 16
[2026-09-17 00:13:24,057] INFO django.server: "GET /api/tasks/ HTTP/1.1" 200 1289
[2026-09-17 00:13:27,054] INFO django.server: "GET /api/tasks/ HTTP/1.1" 200 1289
[2026-09-17 00:13:29,050] INFO django.server: "GET /api/runner-status/ HTTP/1.1" 200 16
[2026-09-17 00:13:30,048] INFO django.server: "GET /api/runner-status/ HTTP/1.1" 200 16
[2026-09-17 00:13:30,049] INFO django.server: "GET /api/tasks/ HTTP/1.1" 200 1289
[2026-09-17 00:13:33,059] INFO django.server: "GET /api/tasks/ HTTP/1.1" 200 1289
[2026-09-17 00:13:35,051] INFO django.server: "GET /api/runner-status/ HTTP/1.1" 200 16
[2026-09-17 00:13:35,066] INFO django.server: "GET /api/runner-status/ HTTP/1.1" 200 16
[2026-09-17 00:13:36,051] INFO django.server: "GET /api/tasks/ HTTP/1.1" 200 1289
[2026-09-17 00:13:39,050] INFO django.server: "GET /api/tasks/ HTTP/1.1" 200 1289
[2026-09-17 00:13:40,129] INFO django.server: "GET /api/runner-status/ HTTP/1.1" 200 16
[2026-09-17 00:13:41,056] INFO django.server: "GET /api/runner-status/ HTTP/1.1" 200 16
[2026-09-17 00:13:42,056] INFO django.server: "GET /api/tasks/ HTTP/1.1" 200 1289
[2026-09-17 00:13:45,047] INFO django.server: "GET /api/tasks/ HTTP/1.1" 200 1289
[2026-09-17 00:13:45,153] INFO django.server: "GET /api/runner-status/ HTTP/1.1" 200 16
[2026-09-17 00:13:47,045] INFO django.server: "GET /api/runner-status/ HTTP/1.1" 200 16
[2026-09-17 00:13:48,055] INFO django.server: "GET /api/tasks/ HTTP/1.1" 200 1289
[2026-09-17 00:13:51,052] INFO django.server: "GET /api/runner-status/ HTTP/1.1" 200 16
[2026-09-17 00:13:51,055] INFO django.server: "GET /api/tasks/ HTTP/1.1" 200 1289
[2026-09-17 00:13:53,056] INFO django.server: "GET /api/runner-status/ HTTP/1.1" 200 16
[2026-09-17 00:13:54,050] INFO django.server: "GET /api/tasks/ HTTP/1.1" 200 1289
[2026-09-17 00:13:57,410] INFO django.server: "GET /api/runner-status/ HTTP/1.1" 200 16
[2026-09-17 00:13:57,413] INFO django.server: "GET /api/tasks/ HTTP/1.1" 200 1289
[2026-09-17 00:13:59,050] INFO django.server: "GET /api/runner-status/ HTTP/1.1" 200 16
[2026-09-17 00:14:00,054] INFO django.server: "GET /api/tasks/ HTTP/1.1" 200 1289
[2026-09-17 00:14:03,046] INFO django.server: "GET /api/runner-status/ HTTP/1.1" 200 16
[2026-09-17 00:14:03,048] INFO django.server: "GET /api/tasks/ HTTP/1.1" 200 1289
[2026-09-17 00:14:05,047] INFO django.server: "GET /api/runner-status/ HTTP/1.1" 200 16
[2026-09-17 00:14:06,052] INFO django.server: "GET /api/tasks/ HTTP/1.1" 200 1289
[2026-09-17 00:14:09,057] INFO django.server: "GET /api/runner-status/ HTTP/1.1" 200 16
[2026-09-17 00:14:09,059] INFO django.server: "GET /api/tasks/ HTTP/1.1" 200 1289
[2026-09-17 00:14:11,054] INFO django.server: "GET /api/runner-status/ HTTP/1.1" 200 16
[2026-09-17 00:14:12,057] INFO django.server: "GET /api/tasks/ HTTP/1.1" 200 1289
[2026-09-17 00:14:15,051] INFO django.server: "GET /api/runner-status/ HTTP/1.1" 200 16
[2026-09-17 00:14:15,055] INFO django.server: "GET /api/tasks/ HTTP/1.1" 200 1289
[2026-09-17 00:14:17,058] INFO django.server: "GET /api/runner-status/ HTTP/1.1" 200 16
[2026-09-17 00:14:18,049] INFO django.server: "GET /api/tasks/ HTTP/1.1" 200 1289
[2026-09-17 00:14:21,050] INFO django.server: "GET /api/runner-status/ HTTP/1.1" 200 16
[2026-09-17 00:14:21,053] INFO django.server: "GET /api/tasks/ HTTP/1.1" 200 1289
[2026-09-17 00:14:23,057] INFO django.server: "GET /api/runner-status/ HTTP/1.1" 200 16
[2026-09-17 00:14:24,169] INFO django.server: "GET /api/tasks/ HTTP/1.1" 200 1289
[2026-09-17 00:14:27,058] INFO django.server: "GET /api/runner-status/ HTTP/1.1" 200 16
[2026-09-17 00:14:27,062] INFO django.server: "GET /api/tasks/ HTTP/1.1" 200 1289
[2026-09-17 00:14:29,056] INFO django.server: "GET /api/runner-status/ HTTP/1.1" 200 16
[2026-09-17 00:14:30,049] INFO django.server: "GET /api/tasks/ HTTP/1.1" 200 1289
[2026-09-17 00:14:33,067] INFO django.server: "GET /api/runner-status/ HTTP/1.1" 200 16
[2026-09-17 00:14:33,074] INFO django.server: "GET /api/tasks/ HTTP/1.1" 200 1289
[2026-09-17 00:14:35,055] INFO django.server: "GET /api/runner-status/ HTTP/1.1" 200 16
[2026-09-17 00:14:36,052] INFO django.server: "GET /api/tasks/ HTTP/1.1" 200 1289
[2026-09-17 00:14:39,056] INFO django.server: "GET /api/runner-status/ HTTP/1.1" 200 16
[2026-09-17 00:14:39,058] INFO django.server: "GET /api/tasks/ HTTP/1.1" 200 1289
[2026-09-17 00:14:41,058] INFO django.server: "GET /api/runner-status/ HTTP/1.1" 200 16
[2026-09-17 00:14:42,055] INFO django.server: "GET /api/tasks/ HTTP/1.1" 200 1289
[2026-09-17 00:14:45,057] INFO django.server: "GET /api/runner-status/ HTTP/1.1" 200 16
[2026-09-17 00:14:45,059] INFO django.server: "GET /api/tasks/ HTTP/1.1" 200 1289
[2026-09-17 00:14:47,047] INFO django.server: "GET /api/runner-status/ HTTP/1.1" 200 16
[2026-09-17 00:14:48,056] INFO django.server: "GET /api/tasks/ HTTP/1.1" 200 1289
[2026-09-17 00:14:51,050] INFO django.server: "GET /api/runner-status/ HTTP/1.1" 200 16
[2026-09-17 00:14:51,052] INFO django.server: "GET /api/tasks/ HTTP/1.1" 200 1289
[2026-09-17 00:14:53,050] INFO django.server: "GET /api/runner-status/ HTTP/1.1" 200 16
[2026-09-17 00:14:54,051] INFO django.server: "GET /api/tasks/ HTTP/1.1" 200 1289
[2026-09-17 00:14:57,050] INFO django.server: "GET /api/runner-status/ HTTP/1.1" 200 16
[2026-09-17 00:14:57,054] INFO django.server: "GET /api/tasks/ HTTP/1.1" 200 1289
[2026-09-17 00:14:59,047] INFO django.server: "GET /api/runner-status/ HTTP/1.1" 200 16
[2026-09-17 00:15:00,058] INFO django.server: "GET /api/tasks/ HTTP/1.1" 200 1289
[2026-09-17 00:15:03,049] INFO django.server: "GET /api/runner-status/ HTTP/1.1" 200 16
[2026-09-17 00:15:03,051] INFO django.server: "GET /api/tasks/ HTTP/1.1" 200 1289
[2026-09-17 00:15:05,054] INFO django.server: "GET /api/runner-status/ HTTP/1.1" 200 16
[2026-09-17 00:15:06,405] INFO django.server: "GET /api/tasks/ HTTP/1.1" 200 1289
[2026-09-17 00:15:09,049] INFO django.server: "GET /api/runner-status/ HTTP/1.1" 200 16
[2026-09-17 00:15:09,407] INFO django.server: "GET /api/tasks/ HTTP/1.1" 200 1289
[2026-09-17 00:15:11,059] INFO django.server: "GET /api/runner-status/ HTTP/1.1" 200 16
[2026-09-17 00:15:12,057] INFO django.server: "GET /api/tasks/ HTTP/1.1" 200 1289
[2026-09-17 00:15:15,050] INFO django.server: "GET /api/runner-status/ HTTP/1.1" 200 16
[2026-09-17 00:15:15,055] INFO django.server: "GET /api/tasks/ HTTP/1.1" 200 1289
[2026-09-17 00:15:17,046] INFO django.server: "GET /api/runner-status/ HTTP/1.1" 200 16
[2026-09-17 00:15:18,057] INFO django.server: "GET /api/tasks/ HTTP/1.1" 200 1289
[2026-09-17 00:15:21,054] INFO django.server: "GET /api/runner-status/ HTTP/1.1" 200 16
[2026-09-17 00:15:21,058] INFO django.server: "GET /api/tasks/ HTTP/1.1" 200 1289
[2026-09-17 00:15:23,052] INFO django.server: "GET /api/runner-status/ HTTP/1.1" 200 16
[2026-09-17 00:15:24,048] INFO django.server: "GET /api/tasks/ HTTP/1.1" 200 1289
[2026-09-17 00:15:27,057] INFO django.server: "GET /api/runner-status/ HTTP/1.1" 200 16
[2026-09-17 00:15:27,059] INFO django.server: "GET /api/tasks/ HTTP/1.1" 200 1289
[2026-09-17 00:15:29,058] INFO django.server: "GET /api/runner-status/ HTTP/1.1" 200 16
[2026-09-17 00:15:30,053] INFO django.server: "GET /api/tasks/ HTTP/1.1" 200 1289
[2026-09-17 00:15:33,058] INFO django.server: "GET /api/runner-status/ HTTP/1.1" 200 16
[2026-09-17 00:15:33,063] INFO django.server: "GET /api/tasks/ HTTP/1.1" 200 1289
[2026-09-17 00:15:35,046] INFO django.server: "GET /api/runner-status/ HTTP/1.1" 200 16
[2026-09-17 00:15:36,048] INFO django.server: "GET /api/tasks/ HTTP/1.1" 200 1289
[2026-09-17 00:15:39,047] INFO django.server: "GET /api/runner-status/ HTTP/1.1" 200 16
[2026-09-17 00:15:39,049] INFO django.server: "GET /api/tasks/ HTTP/1.1" 200 1289
[2026-09-17 00:15:41,058] INFO django.server: "GET /api/runner-status/ HTTP/1.1" 200 16
[2026-09-17 00:15:42,059] INFO django.server: "GET /api/tasks/ HTTP/1.1" 200 1289
[2026-09-17 00:15:45,057] INFO django.server: "GET /api/runner-status/ HTTP/1.1" 200 16
[2026-09-17 00:15:45,062] INFO django.server: "GET /api/tasks/ HTTP/1.1" 200 1289
[2026-09-17 00:15:47,056] INFO django.server: "GET /api/runner-status/ HTTP/1.1" 200 16
[2026-09-17 00:15:48,053] INFO django.server: "GET /api/tasks/ HTTP/1.1" 200 1289
[2026-09-17 00:15:51,045] INFO django.server: "GET /api/tasks/ HTTP/1.1" 200 1289
[2026-09-17 00:15:51,058] INFO django.server: "GET /api/runner-status/ HTTP/1.1" 200 16
[2026-09-17 00:15:53,060] INFO django.server: "GET /api/runner-status/ HTTP/1.1" 200 16
[2026-09-17 00:15:54,061] INFO django.server: "GET /api/tasks/ HTTP/1.1" 200 1289
[2026-09-17 00:15:57,056] INFO django.server: "GET /api/runner-status/ HTTP/1.1" 200 16
[2026-09-17 00:15:57,060] INFO django.server: "GET /api/tasks/ HTTP/1.1" 200 1289
[2026-09-17 00:15:59,060] INFO django.server: "GET /api/runner-status/ HTTP/1.1" 200 16
[2026-09-17 00:16:00,060] INFO django.server: "GET /api/tasks/ HTTP/1.1" 200 1289
[2026-09-17 00:16:03,063] INFO django.server: "GET /api/runner-status/ HTTP/1.1" 200 16
[2026-09-17 00:16:03,065] INFO django.server: "GET /api/tasks/ HTTP/1.1" 200 1289
[2026-09-17 00:16:05,054] INFO django.server: "GET /api/runner-status/ HTTP/1.1" 200 16
[2026-09-17 00:16:06,058] INFO django.server: "GET /api/tasks/ HTTP/1.1" 200 1289
[2026-09-17 00:16:09,051] INFO django.server: "GET /api/runner-status/ HTTP/1.1" 200 16
[2026-09-17 00:16:09,053] INFO django.server: "GET /api/tasks/ HTTP/1.1" 200 1289
[2026-09-17 00:16:11,045] INFO django.server: "GET /api/runner-status/ HTTP/1.1" 200 16
[2026-09-17 00:16:12,055] INFO django.server: "GET /api/tasks/ HTTP/1.1" 200 1289
[2026-09-17 00:16:15,055] INFO django.server: "GET /api/runner-status/ HTTP/1.1" 200 16
[2026-09-17 00:16:15,060] INFO django.server: "GET /api/tasks/ HTTP/1.1" 200 1289
[2026-09-17 00:16:17,052] INFO django.server: "GET /api/runner-status/ HTTP/1.1" 200 16
[2026-09-17 00:16:18,051] INFO django.server: "GET /api/tasks/ HTTP/1.1" 200 1289
[2026-09-17 00:16:21,055] INFO django.server: "GET /api/runner-status/ HTTP/1.1" 200 16
[2026-09-17 00:16:21,060] INFO django.server: "GET /api/tasks/ HTTP/1.1" 200 1289
[2026-09-17 00:16:23,055] INFO django.server: "GET /api/runner-status/ HTTP/1.1" 200 16
[2026-09-17 00:16:24,057] INFO django.server: "GET /api/tasks/ HTTP/1.1" 200 1289
[2026-09-17 00:16:27,055] INFO django.server: "GET /api/runner-status/ HTTP/1.1" 200 16
[2026-09-17 00:16:27,058] INFO django.server: "GET /api/tasks/ HTTP/1.1" 200 1289
[2026-09-17 00:16:29,058] INFO django.server: "GET /api/runner-status/ HTTP/1.1" 200 16
[2026-09-17 00:16:30,059] INFO django.server: "GET /api/tasks/ HTTP/1.1" 200 1289
[2026-09-17 00:16:33,051] INFO django.server: "GET /api/runner-status/ HTTP/1.1" 200 16
[2026-09-17 00:16:33,052] INFO django.server: "GET /api/tasks/ HTTP/1.1" 200 1289
[2026-09-17 00:16:35,058] INFO django.server: "GET /api/runner-status/ HTTP/1.1" 200 16
[2026-09-17 00:16:36,060] INFO django.server: "GET /api/tasks/ HTTP/1.1" 200 1289
[2026-09-17 00:16:39,062] INFO django.server: "GET /api/runner-status/ HTTP/1.1" 200 16
[2026-09-17 00:16:39,064] INFO django.server: "GET /api/tasks/ HTTP/1.1" 200 1289
[2026-09-17 00:16:41,058] INFO django.server: "GET /api/runner-status/ HTTP/1.1" 200 16
[2026-09-17 00:16:42,056] INFO django.server: "GET /api/tasks/ HTTP/1.1" 200 1289
[2026-09-17 00:16:45,053] INFO django.server: "GET /api/runner-status/ HTTP/1.1" 200 16
[2026-09-17 00:16:45,055] INFO django.server: "GET /api/tasks/ HTTP/1.1" 200 1289
[2026-09-17 00:16:47,052] INFO django.server: "GET /api/runner-status/ HTTP/1.1" 200 16
[2026-09-17 00:16:48,046] INFO django.server: "GET /api/tasks/ HTTP/1.1" 200 1289
[2026-09-17 00:16:51,087] INFO django.server: "GET /api/runner-status/ HTTP/1.1" 200 16
[2026-09-17 00:16:51,091] INFO django.server: "GET /api/tasks/ HTTP/1.1" 200 1289
[2026-09-17 00:16:53,052] INFO django.server: "GET /api/runner-status/ HTTP/1.1" 200 16
[2026-09-17 00:16:54,045] INFO django.server: "GET /api/tasks/ HTTP/1.1" 200 1289
[2026-09-17 00:16:57,060] INFO django.server: "GET /api/runner-status/ HTTP/1.1" 200 16
[2026-09-17 00:16:57,063] INFO django.server: "GET /api/tasks/ HTTP/1.1" 200 1289
[2026-09-17 00:16:59,055] INFO django.server: "GET /api/runner-status/ HTTP/1.1" 200 16
[2026-09-17 00:17:00,057] INFO django.server: "GET /api/tasks/ HTTP/1.1" 200 1289
[2026-09-17 00:17:03,053] INFO django.server: "GET /api/runner-status/ HTTP/1.1" 200 16
[2026-09-17 00:17:03,055] INFO django.server: "GET /api/tasks/ HTTP/1.1" 200 1289
[2026-09-17 00:17:05,054] INFO django.server: "GET /api/runner-status/ HTTP/1.1" 200 16
[2026-09-17 00:17:06,055] INFO django.server: "GET /api/tasks/ HTTP/1.1" 200 1289
[2026-09-17 00:17:09,059] INFO django.server: "GET /api/runner-status/ HTTP/1.1" 200 16
[2026-09-17 00:17:09,061] INFO django.server: "GET /api/tasks/ HTTP/1.1" 200 1289
[2026-09-17 00:17:11,053] INFO django.server: "GET /api/runner-status/ HTTP/1.1" 200 16
[2026-09-17 00:17:12,060] INFO django.server: "GET /api/tasks/ HTTP/1.1" 200 1289
[2026-09-17 00:17:15,046] INFO django.server: "GET /api/runner-status/ HTTP/1.1" 200 16
[2026-09-17 00:17:15,048] INFO django.server: "GET /api/tasks/ HTTP/1.1" 200 1289
[2026-09-17 00:17:17,056] INFO django.server: "GET /api/runner-status/ HTTP/1.1" 200 16
[2026-09-17 00:17:18,058] INFO django.server: "GET /api/tasks/ HTTP/1.1" 200 1289
[2026-09-17 00:17:48,441] INFO django.utils.autoreload: Watching for file changes with StatReloader
[2026-09-17 00:17:48,834] INFO django.server: "GET / HTTP/1.1" 200 7214
[2026-09-17 00:17:48,913] INFO django.server: "GET /api/runner-status/ HTTP/1.1" 200 16
[2026-09-17 00:17:48,928] INFO django.server: "GET /api/tasks/ HTTP/1.1" 200 1289
[2026-09-17 00:17:49,050] INFO django.server: "GET /api/runner-status/ HTTP/1.1" 200 16
[2026-09-17 00:17:50,046] INFO django.server: "GET /api/tasks/ HTTP/1.1" 200 1289
[2026-09-17 00:17:50,981] INFO django.server: "GET /upload/ HTTP/1.1" 200 8520
[2026-09-17 00:17:51,037] INFO django.server: "GET /api/runner-status/ HTTP/1.1" 200 16
[2026-09-17 00:17:51,057] INFO django.server: "GET /api/runner-status/ HTTP/1.1" 200 16
[2026-09-17 00:17:53,055] INFO django.server: "GET /api/tasks/ HTTP/1.1" 200 1289
[2026-09-17 00:17:55,061] INFO django.server: "GET /api/runner-status/ HTTP/1.1" 200 16
[2026-09-17 00:17:56,060] INFO django.server: "GET /api/runner-status/ HTTP/1.1" 200 16
[2026-09-17 00:17:56,061] INFO django.server: "GET /api/tasks/ HTTP/1.1" 200 1289
[2026-09-17 00:17:57,136] INFO django.server: "GET /api/runner-status/ HTTP/1.1" 200 16
[2026-09-17 00:17:57,671] INFO django.server: "POST /upload/ HTTP/1.1" 302 0
[2026-09-17 00:17:57,858] INFO django.server: "GET /task/4/ HTTP/1.1" 200 6953
[2026-09-17 00:17:57,896] INFO django.server: "GET /static/core/js/task_detail.js HTTP/1.1" 200 2651
[2026-09-17 00:17:57,902] INFO core.tasks: task 4 dispatched to runner
[2026-09-17 00:17:57,920] INFO django.server: "GET /api/runner-status/ HTTP/1.1" 200 16
[2026-09-17 00:17:57,928] WARNING django.request: Not Found: /api/task/undefined/logs/
[2026-09-17 00:17:57,929] WARNING django.server: "GET /api/task/undefined/logs/?since=0 HTTP/1.1" 404 5179
[2026-09-17 00:17:57,991] INFO django.server: "POST /api/runner/log/ HTTP/1.1" 200 12
[2026-09-17 00:17:59,061] INFO django.server: "GET /api/tasks/ HTTP/1.1" 200 1693
[2026-09-17 00:17:59,538] WARNING django.request: Not Found: /api/task/undefined/logs/
[2026-09-17 00:17:59,539] WARNING django.server: "GET /api/task/undefined/logs/?since=0 HTTP/1.1" 404 5179
[2026-09-17 00:18:01,047] INFO django.server: "GET /api/runner-status/ HTTP/1.1" 200 16
[2026-09-17 00:18:01,150] WARNING django.request: Not Found: /api/task/undefined/logs/
[2026-09-17 00:18:01,151] WARNING django.server: "GET /api/task/undefined/logs/?since=0 HTTP/1.1" 404 5179
[2026-09-17 00:18:02,060] INFO django.server: "GET /api/tasks/ HTTP/1.1" 200 1693
[2026-09-17 00:18:02,763] WARNING django.request: Not Found: /api/task/undefined/logs/
[2026-09-17 00:18:02,764] WARNING django.server: "GET /api/task/undefined/logs/?since=0 HTTP/1.1" 404 5179
[2026-09-17 00:18:02,943] INFO django.server: "GET /api/runner-status/ HTTP/1.1" 200 16
[2026-09-17 00:18:03,051] INFO django.server: "GET /api/runner-status/ HTTP/1.1" 200 16
[2026-09-17 00:18:03,283] INFO django.server: "POST /api/runner/log/ HTTP/1.1" 200 12
[2026-09-17 00:18:03,360] INFO django.server: "POST /api/runner/log/ HTTP/1.1" 200 12
[2026-09-17 00:18:03,427] INFO django.server: "POST /api/runner/log/ HTTP/1.1" 200 12
[2026-09-17 00:18:03,493] INFO django.server: "POST /api/runner/log/ HTTP/1.1" 200 12
[2026-09-17 00:18:04,035] INFO django.server: "POST /api/runner/error/ HTTP/1.1" 200 12
[2026-09-17 00:18:04,380] WARNING django.request: Not Found: /api/task/undefined/logs/
[2026-09-17 00:18:04,381] WARNING django.server: "GET /api/task/undefined/logs/?since=0 HTTP/1.1" 404 5179
[2026-09-17 00:18:05,059] INFO django.server: "GET /api/tasks/ HTTP/1.1" 200 1661
[2026-09-17 00:18:06,013] WARNING django.request: Not Found: /api/task/undefined/logs/
[2026-09-17 00:18:06,015] WARNING django.server: "GET /api/task/undefined/logs/?since=0 HTTP/1.1" 404 5179
[2026-09-17 00:18:07,051] INFO django.server: "GET /api/runner-status/ HTTP/1.1" 200 16
[2026-09-17 00:18:07,631] WARNING django.request: Not Found: /api/task/undefined/logs/
[2026-09-17 00:18:07,632] WARNING django.server: "GET /api/task/undefined/logs/?since=0 HTTP/1.1" 404 5179
[2026-09-17 00:18:07,963] INFO django.server: "GET /api/runner-status/ HTTP/1.1" 200 16
[2026-09-17 00:18:08,056] INFO django.server: "GET /api/tasks/ HTTP/1.1" 200 1661
[2026-09-17 00:18:09,056] INFO django.server: "GET /api/runner-status/ HTTP/1.1" 200 16
[2026-09-17 00:18:09,253] WARNING django.request: Not Found: /api/task/undefined/logs/
[2026-09-17 00:18:09,254] WARNING django.server: "GET /api/task/undefined/logs/?since=0 HTTP/1.1" 404 5179
[2026-09-17 00:18:10,873] WARNING django.request: Not Found: /api/task/undefined/logs/
[2026-09-17 00:18:10,874] WARNING django.server: "GET /api/task/undefined/logs/?since=0 HTTP/1.1" 404 5179
[2026-09-17 00:18:11,061] INFO django.server: "GET /api/tasks/ HTTP/1.1" 200 1661
[2026-09-17 00:18:12,492] WARNING django.request: Not Found: /api/task/undefined/logs/
[2026-09-17 00:18:12,493] WARNING django.server: "GET /api/task/undefined/logs/?since=0 HTTP/1.1" 404 5179
[2026-09-17 00:18:12,980] INFO django.server: "GET /api/runner-status/ HTTP/1.1" 200 16
[2026-09-17 00:18:13,045] INFO django.server: "GET /api/runner-status/ HTTP/1.1" 200 16
[2026-09-17 00:18:14,059] INFO django.server: "GET /api/tasks/ HTTP/1.1" 200 1661
[2026-09-17 00:18:14,112] WARNING django.request: Not Found: /api/task/undefined/logs/
[2026-09-17 00:18:14,113] WARNING django.server: "GET /api/task/undefined/logs/?since=0 HTTP/1.1" 404 5179
[2026-09-17 00:18:15,058] INFO django.server: "GET /api/runner-status/ HTTP/1.1" 200 16
[2026-09-17 00:18:15,723] WARNING django.request: Not Found: /api/task/undefined/logs/
[2026-09-17 00:18:15,725] WARNING django.server: "GET /api/task/undefined/logs/?since=0 HTTP/1.1" 404 5179
[2026-09-17 00:18:17,057] INFO django.server: "GET /api/tasks/ HTTP/1.1" 200 1661
[2026-09-17 00:18:17,807] WARNING django.request: Not Found: /api/task/undefined/logs/
[2026-09-17 00:18:17,808] WARNING django.server: "GET /api/task/undefined/logs/?since=0 HTTP/1.1" 404 5179
[2026-09-17 00:18:17,906] INFO django.server: "POST /task/4/delete/ HTTP/1.1" 302 0
[2026-09-17 00:18:17,933] INFO django.server: "GET / HTTP/1.1" 200 7821
[2026-09-17 00:18:17,990] INFO django.server: "GET /api/runner-status/ HTTP/1.1" 200 16
[2026-09-17 00:18:17,995] INFO django.server: "GET /api/tasks/ HTTP/1.1" 200 1289
[2026-09-17 00:18:19,055] INFO django.server: "GET /api/runner-status/ HTTP/1.1" 200 16
[2026-09-17 00:18:20,053] INFO django.server: "GET /api/tasks/ HTTP/1.1" 200 1289
[2026-09-17 00:18:20,514] INFO django.server: "GET /api/tasks/ HTTP/1.1" 200 1289
[2026-09-17 00:18:21,052] INFO django.server: "GET /api/runner-status/ HTTP/1.1" 200 16
[2026-09-17 00:18:23,011] INFO django.server: "GET /api/runner-status/ HTTP/1.1" 200 16
[2026-09-17 00:18:23,044] INFO django.server: "GET /api/tasks/ HTTP/1.1" 200 1289
[2026-09-17 00:18:23,057] INFO django.server: "GET /api/tasks/ HTTP/1.1" 200 1289
[2026-09-17 00:18:25,055] INFO django.server: "GET /api/runner-status/ HTTP/1.1" 200 16
[2026-09-17 00:18:25,569] INFO django.server: "GET /api/tasks/ HTTP/1.1" 200 1289
[2026-09-17 00:18:26,053] INFO django.server: "GET /api/tasks/ HTTP/1.1" 200 1289
[2026-09-17 00:18:27,046] INFO django.server: "GET /api/runner-status/ HTTP/1.1" 200 16
[2026-09-17 00:18:27,359] INFO django.server: "GET /upload/ HTTP/1.1" 200 8520
[2026-09-17 00:18:27,429] INFO django.server: "GET /api/runner-status/ HTTP/1.1" 200 16
[2026-09-17 00:18:29,054] INFO django.server: "GET /api/tasks/ HTTP/1.1" 200 1289
[2026-09-17 00:18:29,310] INFO django.server: "GET / HTTP/1.1" 200 7214
[2026-09-17 00:18:29,356] INFO django.server: "GET /api/runner-status/ HTTP/1.1" 200 16
[2026-09-17 00:18:29,362] INFO django.server: "GET /api/tasks/ HTTP/1.1" 200 1289
[2026-09-17 00:18:30,333] INFO django.server: "GET /analytics/ HTTP/1.1" 200 4652
[2026-09-17 00:18:30,388] INFO django.server: "GET /api/runner-status/ HTTP/1.1" 200 16
[2026-09-17 00:18:31,047] INFO django.server: "GET /api/runner-status/ HTTP/1.1" 200 16
[2026-09-17 00:18:32,045] INFO django.server: "GET /api/tasks/ HTTP/1.1" 200 1289
[2026-09-17 00:18:33,054] INFO django.server: "GET /api/runner-status/ HTTP/1.1" 200 16
[2026-09-17 00:18:33,372] INFO django.server: "GET /analytics/api/jobs/ HTTP/1.1" 200 12
[2026-09-17 00:18:35,062] INFO django.server: "GET /api/tasks/ HTTP/1.1" 200 1289
[2026-09-17 00:18:35,417] INFO django.server: "GET /api/runner-status/ HTTP/1.1" 200 16
[2026-09-17 00:18:35,579] INFO django.server: "GET /evaluation/ HTTP/1.1" 200 4381
[2026-09-17 00:18:35,630] INFO django.server: "GET /api/runner-status/ HTTP/1.1" 200 16
[2026-09-17 00:18:37,076] INFO django.server: "GET /api/runner-status/ HTTP/1.1" 200 16
[2026-09-17 00:18:37,082] INFO django.server: "GET /admin/ HTTP/1.1" 200 9761
[2026-09-17 00:18:37,125] INFO django.server: "GET /static/admin/css/base.css HTTP/1.1" 304 0
[2026-09-17 00:18:37,126] INFO django.server: "GET /static/admin/css/nav_sidebar.css HTTP/1.1" 304 0
[2026-09-17 00:18:37,126] INFO django.server: "GET /static/admin/css/dark_mode.css HTTP/1.1" 304 0
[2026-09-17 00:18:37,130] INFO django.server: "GET /static/admin/css/dashboard.css HTTP/1.1" 304 0
[2026-09-17 00:18:37,131] INFO django.server: "GET /static/admin/css/responsive.css HTTP/1.1" 304 0
[2026-09-17 00:18:37,168] INFO django.server: "GET /static/admin/js/theme.js HTTP/1.1" 304 0
[2026-09-17 00:18:37,171] INFO django.server: "GET /static/admin/js/nav_sidebar.js HTTP/1.1" 304 0
[2026-09-17 00:18:37,191] INFO django.server: "GET /static/admin/img/icon-addlink.svg HTTP/1.1" 304 0
[2026-09-17 00:18:37,212] INFO django.server: "GET /static/admin/img/icon-changelink.svg HTTP/1.1" 304 0
[2026-09-17 00:18:38,051] INFO django.server: "GET /api/tasks/ HTTP/1.1" 200 1289
[2026-09-17 00:18:39,051] INFO django.server: "GET /api/runner-status/ HTTP/1.1" 200 16
[2026-09-17 00:18:41,055] INFO django.server: "GET /api/runner-status/ HTTP/1.1" 200 16
[2026-09-17 00:18:41,062] INFO django.server: "GET /api/tasks/ HTTP/1.1" 200 1289
[2026-09-17 00:18:42,673] INFO django.server: "GET /admin/analytics/importjob/ HTTP/1.1" 200 12888
[2026-09-17 00:18:42,719] INFO django.server: "GET /static/admin/js/admin/RelatedObjectLookups.js HTTP/1.1" 304 0
[2026-09-17 00:18:42,720] INFO django.server: "GET /static/admin/js/jquery.init.js HTTP/1.1" 304 0
[2026-09-17 00:18:42,720] INFO django.server: "GET /static/admin/js/vendor/jquery/jquery.js HTTP/1.1" 304 0
[2026-09-17 00:18:42,721] INFO django.server: "GET /static/admin/css/changelists.css HTTP/1.1" 304 0
[2026-09-17 00:18:42,721] INFO django.server: "GET /static/admin/js/core.js HTTP/1.1" 304 0
[2026-09-17 00:18:42,724] INFO django.server: "GET /static/admin/js/urlify.js HTTP/1.1" 304 0
[2026-09-17 00:18:42,724] INFO django.server: "GET /static/admin/js/actions.js HTTP/1.1" 304 0
[2026-09-17 00:18:42,727] INFO django.server: "GET /static/admin/js/prepopulate.js HTTP/1.1" 304 0
[2026-09-17 00:18:42,728] INFO django.server: "GET /static/admin/img/search.svg HTTP/1.1" 304 0
[2026-09-17 00:18:42,729] INFO django.server: "GET /static/admin/js/vendor/xregexp/xregexp.js HTTP/1.1" 304 0
[2026-09-17 00:18:42,734] INFO django.server: "GET /admin/jsi18n/ HTTP/1.1" 200 17546
[2026-09-17 00:18:42,774] INFO django.server: "GET /static/admin/js/filters.js HTTP/1.1" 304 0
[2026-09-17 00:18:42,781] INFO django.server: "GET /static/admin/img/tooltag-add.svg HTTP/1.1" 304 0
[2026-09-17 00:18:42,782] INFO django.server: "GET /static/admin/img/icon-viewlink.svg HTTP/1.1" 304 0
[2026-09-17 00:18:43,056] INFO django.server: "GET /api/runner-status/ HTTP/1.1" 200 16
[2026-09-17 00:18:44,048] INFO django.server: "GET /api/tasks/ HTTP/1.1" 200 1289
[2026-09-17 00:18:45,056] INFO django.server: "GET /api/runner-status/ HTTP/1.1" 200 16
[2026-09-17 00:18:45,658] INFO django.server: "GET /admin/analytics/importjob/add/ HTTP/1.1" 200 27290
[2026-09-17 00:18:45,704] INFO django.server: "GET /static/admin/css/forms.css HTTP/1.1" 304 0
[2026-09-17 00:18:45,707] INFO django.server: "GET /static/admin/js/collapse.js HTTP/1.1" 304 0
[2026-09-17 00:18:45,708] INFO django.server: "GET /static/admin/js/prepopulate_init.js HTTP/1.1" 304 0
[2026-09-17 00:18:45,709] INFO django.server: "GET /static/admin/js/admin/DateTimeShortcuts.js HTTP/1.1" 200 19319
[2026-09-17 00:18:45,710] INFO django.server: "GET /static/admin/js/calendar.js HTTP/1.1" 200 9141
[2026-09-17 00:18:45,711] INFO django.server: "GET /static/admin/css/widgets.css HTTP/1.1" 304 0
[2026-09-17 00:18:45,719] INFO django.server: "GET /admin/jsi18n/ HTTP/1.1" 200 17546
[2026-09-17 00:18:45,724] INFO django.server: "GET /static/admin/js/change_form.js HTTP/1.1" 304 0
[2026-09-17 00:18:45,804] INFO django.server: "GET /static/admin/img/icon-calendar.svg HTTP/1.1" 200 1086
[2026-09-17 00:18:47,060] INFO django.server: "GET /api/runner-status/ HTTP/1.1" 200 16
[2026-09-17 00:18:47,065] INFO django.server: "GET /api/tasks/ HTTP/1.1" 200 1289
[2026-09-17 00:18:49,042] INFO django.server: "GET /api/runner-status/ HTTP/1.1" 200 16
[2026-09-17 00:18:50,058] INFO django.server: "GET /api/tasks/ HTTP/1.1" 200 1289
[2026-09-17 00:18:51,054] INFO django.server: "GET /api/runner-status/ HTTP/1.1" 200 16
[2026-09-17 00:18:53,052] INFO django.server: "GET /api/runner-status/ HTTP/1.1" 200 16
[2026-09-17 00:18:53,057] INFO django.server: "GET /api/tasks/ HTTP/1.1" 200 1289
[2026-09-17 00:18:55,051] INFO django.server: "GET /api/runner-status/ HTTP/1.1" 200 16
[2026-09-17 00:18:56,050] INFO django.server: "GET /api/tasks/ HTTP/1.1" 200 1289
[2026-09-17 00:18:57,049] INFO django.server: "GET /api/runner-status/ HTTP/1.1" 200 16
[2026-09-17 00:18:59,059] INFO django.server: "GET /api/runner-status/ HTTP/1.1" 200 16
[2026-09-17 00:18:59,061] INFO django.server: "GET /api/tasks/ HTTP/1.1" 200 1289
[2026-09-17 00:19:01,044] INFO django.server: "GET /api/runner-status/ HTTP/1.1" 200 16
[2026-09-17 00:19:02,052] INFO django.server: "GET /api/tasks/ HTTP/1.1" 200 1289
[2026-09-17 00:19:03,048] INFO django.server: "GET /api/runner-status/ HTTP/1.1" 200 16
[2026-09-17 00:19:04,953] INFO django.server: "GET / HTTP/1.1" 200 7214
[2026-09-17 00:19:05,021] INFO django.server: "GET /api/runner-status/ HTTP/1.1" 200 16
[2026-09-17 00:19:05,024] INFO django.server: "GET /api/tasks/ HTTP/1.1" 200 1289
[2026-09-17 00:19:05,059] INFO django.server: "GET /api/runner-status/ HTTP/1.1" 200 16
[2026-09-17 00:19:05,064] INFO django.server: "GET /api/tasks/ HTTP/1.1" 200 1289
[2026-09-17 00:19:07,056] INFO django.server: "GET /api/runner-status/ HTTP/1.1" 200 16
[2026-09-17 00:19:07,548] INFO django.server: "GET /api/tasks/ HTTP/1.1" 200 1289
[2026-09-17 00:19:08,050] INFO django.server: "GET /api/tasks/ HTTP/1.1" 200 1289
[2026-09-17 00:19:09,047] INFO django.server: "GET /api/runner-status/ HTTP/1.1" 200 16
[2026-09-17 00:19:10,049] INFO django.server: "GET /api/runner-status/ HTTP/1.1" 200 16
[2026-09-17 00:19:10,066] INFO django.server: "GET /api/tasks/ HTTP/1.1" 200 1289
[2026-09-17 00:19:10,480] INFO django.server: "GET /evaluation/ HTTP/1.1" 200 4381
[2026-09-17 00:19:10,533] INFO django.server: "GET /api/runner-status/ HTTP/1.1" 200 16
[2026-09-17 00:19:11,044] INFO django.server: "GET /api/tasks/ HTTP/1.1" 200 1289
[2026-09-17 00:19:11,057] INFO django.server: "GET /api/runner-status/ HTTP/1.1" 200 16
[2026-09-17 00:19:11,660] INFO django.server: "GET /analytics/ HTTP/1.1" 200 4652
[2026-09-17 00:19:11,711] INFO django.server: "GET /api/runner-status/ HTTP/1.1" 200 16
[2026-09-17 00:19:12,912] INFO django.server: "GET /evaluation/ HTTP/1.1" 200 4381
[2026-09-17 00:19:12,962] INFO django.server: "GET /api/runner-status/ HTTP/1.1" 200 16
[2026-09-17 00:19:13,057] INFO django.server: "GET /api/runner-status/ HTTP/1.1" 200 16
[2026-09-17 00:19:14,052] INFO django.server: "GET /api/tasks/ HTTP/1.1" 200 1289
[2026-09-17 00:19:15,051] INFO django.server: "GET /api/runner-status/ HTTP/1.1" 200 16
[2026-09-17 00:19:17,055] INFO django.server: "GET /api/runner-status/ HTTP/1.1" 200 16
[2026-09-17 00:19:17,056] INFO django.server: "GET /api/tasks/ HTTP/1.1" 200 1289
[2026-09-17 00:19:18,021] INFO django.server: "GET /api/runner-status/ HTTP/1.1" 200 16
[2026-09-17 00:19:19,050] INFO django.server: "GET /api/runner-status/ HTTP/1.1" 200 16
[2026-09-17 00:19:20,055] INFO django.server: "GET /api/tasks/ HTTP/1.1" 200 1289
[2026-09-17 00:19:21,056] INFO django.server: "GET /api/runner-status/ HTTP/1.1" 200 16
[2026-09-17 00:19:23,044] INFO django.server: "GET /api/runner-status/ HTTP/1.1" 200 16
[2026-09-17 00:19:23,053] INFO django.server: "GET /api/tasks/ HTTP/1.1" 200 1289
[2026-09-17 00:19:23,058] INFO django.server: "GET /api/runner-status/ HTTP/1.1" 200 16
[2026-09-17 00:19:25,049] INFO django.server: "GET /api/runner-status/ HTTP/1.1" 200 16
[2026-09-17 00:19:25,467] INFO django.server: "GET /admin/ HTTP/1.1" 200 9761
[2026-09-17 00:19:26,047] INFO django.server: "GET /api/tasks/ HTTP/1.1" 200 1289
[2026-09-17 00:19:27,051] INFO django.server: "GET /api/runner-status/ HTTP/1.1" 200 16
[2026-09-17 00:19:27,244] INFO django.server: "GET /admin/evaluation/evaluationjob/ HTTP/1.1" 200 12890
[2026-09-17 00:19:27,296] INFO django.server: "GET /admin/jsi18n/ HTTP/1.1" 200 17546
[2026-09-17 00:19:29,045] INFO django.server: "GET /api/runner-status/ HTTP/1.1" 200 16
[2026-09-17 00:19:29,050] INFO django.server: "GET /api/tasks/ HTTP/1.1" 200 1289
[2026-09-17 00:19:29,058] INFO django.server: "GET /api/runner-status/ HTTP/1.1" 200 16
[2026-09-17 00:19:29,596] INFO django.server: "GET /admin/evaluation/evaluationjob/add/ HTTP/1.1" 200 26327
[2026-09-17 00:19:29,645] INFO django.server: "GET /admin/jsi18n/ HTTP/1.1" 200 17546
[2026-09-17 00:19:31,056] INFO django.server: "GET /api/runner-status/ HTTP/1.1" 200 16
[2026-09-17 00:19:32,049] INFO django.server: "GET /api/tasks/ HTTP/1.1" 200 1289
[2026-09-17 00:19:33,045] INFO django.server: "GET /api/runner-status/ HTTP/1.1" 200 16
[2026-09-17 00:19:35,059] INFO django.server: "GET /api/runner-status/ HTTP/1.1" 200 16
[2026-09-17 00:19:35,066] INFO django.server: "GET /api/tasks/ HTTP/1.1" 200 1289
[2026-09-17 00:19:35,077] INFO django.server: "GET /api/runner-status/ HTTP/1.1" 200 16
[2026-09-17 00:19:37,057] INFO django.server: "GET /api/runner-status/ HTTP/1.1" 200 16
[2026-09-17 00:19:38,064] INFO django.server: "GET /api/tasks/ HTTP/1.1" 200 1289
[2026-09-17 00:19:39,049] INFO django.server: "GET /api/runner-status/ HTTP/1.1" 200 16
[2026-09-17 00:19:41,052] INFO django.server: "GET /api/runner-status/ HTTP/1.1" 200 16
[2026-09-17 00:19:41,059] INFO django.server: "GET /api/tasks/ HTTP/1.1" 200 1289
[2026-09-17 00:19:41,067] INFO django.server: "GET /api/runner-status/ HTTP/1.1" 200 16
[2026-09-17 00:19:43,044] INFO django.server: "GET /api/runner-status/ HTTP/1.1" 200 16
[2026-09-17 00:19:44,046] INFO django.server: "GET /api/tasks/ HTTP/1.1" 200 1289
[2026-09-17 00:19:45,054] INFO django.server: "GET /api/runner-status/ HTTP/1.1" 200 16
[2026-09-17 00:19:46,487] INFO django.server: "GET / HTTP/1.1" 200 7214
[2026-09-17 00:19:46,577] INFO django.server: "GET /api/runner-status/ HTTP/1.1" 200 16
[2026-09-17 00:19:46,582] INFO django.server: "GET /api/tasks/ HTTP/1.1" 200 1289
[2026-09-17 00:19:47,052] INFO django.server: "GET /api/runner-status/ HTTP/1.1" 200 16
[2026-09-17 00:19:47,055] INFO django.server: "GET /api/tasks/ HTTP/1.1" 200 1289
[2026-09-17 00:19:47,066] INFO django.server: "GET /api/runner-status/ HTTP/1.1" 200 16
[2026-09-17 00:19:49,052] INFO django.server: "GET /api/runner-status/ HTTP/1.1" 200 16
[2026-09-17 00:19:49,128] INFO django.server: "GET /api/tasks/ HTTP/1.1" 200 1289
[2026-09-17 00:19:50,050] INFO django.server: "GET /api/tasks/ HTTP/1.1" 200 1289
[2026-09-17 00:19:51,047] INFO django.server: "GET /api/runner-status/ HTTP/1.1" 200 16
[2026-09-17 00:19:51,630] INFO django.server: "GET /api/runner-status/ HTTP/1.1" 200 16
[2026-09-17 00:19:51,646] INFO django.server: "GET /api/tasks/ HTTP/1.1" 200 1289
[2026-09-17 00:19:53,049] INFO django.server: "GET /api/runner-status/ HTTP/1.1" 200 16
[2026-09-17 00:19:53,054] INFO django.server: "GET /api/tasks/ HTTP/1.1" 200 1289
[2026-09-17 00:19:53,063] INFO django.server: "GET /api/runner-status/ HTTP/1.1" 200 16
[2026-09-17 00:19:53,192] INFO django.server: "GET /analytics/ HTTP/1.1" 200 4652
[2026-09-17 00:19:53,246] INFO django.server: "GET /api/runner-status/ HTTP/1.1" 200 16
[2026-09-17 00:19:54,130] INFO django.server: "GET /evaluation/ HTTP/1.1" 200 4381
[2026-09-17 00:19:54,189] INFO django.server: "GET /api/runner-status/ HTTP/1.1" 200 16
[2026-09-17 00:19:55,050] INFO django.server: "GET /api/runner-status/ HTTP/1.1" 200 16
[2026-09-17 00:19:55,949] INFO django.server: "GET /analytics/ HTTP/1.1" 200 4652
[2026-09-17 00:19:56,006] INFO django.server: "GET /api/runner-status/ HTTP/1.1" 200 16
[2026-09-17 00:19:56,051] INFO django.server: "GET /api/tasks/ HTTP/1.1" 200 1289
[2026-09-17 00:19:57,046] INFO django.server: "GET /api/runner-status/ HTTP/1.1" 200 16
[2026-09-17 00:19:58,981] INFO django.server: "GET /analytics/api/jobs/ HTTP/1.1" 200 12
[2026-09-17 00:19:59,052] INFO django.server: "GET /api/runner-status/ HTTP/1.1" 200 16
[2026-09-17 00:19:59,056] INFO django.server: "GET /api/tasks/ HTTP/1.1" 200 1289
[2026-09-17 00:19:59,064] INFO django.server: "GET /api/runner-status/ HTTP/1.1" 200 16
[2026-09-17 00:20:01,038] INFO django.server: "GET /api/runner-status/ HTTP/1.1" 200 16
[2026-09-17 00:20:01,051] INFO django.server: "GET /api/runner-status/ HTTP/1.1" 200 16
[2026-09-17 00:20:01,981] INFO django.server: "GET /analytics/api/jobs/ HTTP/1.1" 200 12
[2026-09-17 00:20:02,054] INFO django.server: "GET /api/tasks/ HTTP/1.1" 200 1289
[2026-09-17 00:20:03,052] INFO django.server: "GET /api/runner-status/ HTTP/1.1" 200 16
[2026-09-17 00:20:04,980] INFO django.server: "GET /analytics/api/jobs/ HTTP/1.1" 200 12
[2026-09-17 00:20:05,058] INFO django.server: "GET /api/runner-status/ HTTP/1.1" 200 16
[2026-09-17 00:20:05,063] INFO django.server: "GET /api/tasks/ HTTP/1.1" 200 1289
[2026-09-17 00:20:05,071] INFO django.server: "GET /api/runner-status/ HTTP/1.1" 200 16
[2026-09-17 00:20:06,068] INFO django.server: "GET /api/runner-status/ HTTP/1.1" 200 16
[2026-09-17 00:20:07,052] INFO django.server: "GET /api/runner-status/ HTTP/1.1" 200 16
[2026-09-17 00:20:07,979] INFO django.server: "GET /analytics/api/jobs/ HTTP/1.1" 200 12
[2026-09-17 00:20:08,058] INFO django.server: "GET /api/tasks/ HTTP/1.1" 200 1289
[2026-09-17 00:20:09,058] INFO django.server: "GET /api/runner-status/ HTTP/1.1" 200 16
[2026-09-17 00:20:10,979] INFO django.server: "GET /analytics/api/jobs/ HTTP/1.1" 200 12
[2026-09-17 00:20:11,051] INFO django.server: "GET /api/runner-status/ HTTP/1.1" 200 16
[2026-09-17 00:20:11,056] INFO django.server: "GET /api/tasks/ HTTP/1.1" 200 1289
[2026-09-17 00:20:11,064] INFO django.server: "GET /api/runner-status/ HTTP/1.1" 200 16
[2026-09-17 00:20:11,098] INFO django.server: "GET /api/runner-status/ HTTP/1.1" 200 16
[2026-09-17 00:20:13,047] INFO django.server: "GET /api/runner-status/ HTTP/1.1" 200 16
[2026-09-17 00:20:13,979] INFO django.server: "GET /analytics/api/jobs/ HTTP/1.1" 200 12
[2026-09-17 00:20:14,058] INFO django.server: "GET /api/tasks/ HTTP/1.1" 200 1289
[2026-09-17 00:20:15,057] INFO django.server: "GET /api/runner-status/ HTTP/1.1" 200 16
[2026-09-17 00:20:16,165] INFO django.server: "GET /api/runner-status/ HTTP/1.1" 200 16
[2026-09-17 00:20:16,982] INFO django.server: "GET /analytics/api/jobs/ HTTP/1.1" 200 12
[2026-09-17 00:20:17,054] INFO django.server: "GET /api/runner-status/ HTTP/1.1" 200 16
[2026-09-17 00:20:17,060] INFO django.server: "GET /api/tasks/ HTTP/1.1" 200 1289
[2026-09-17 00:20:17,068] INFO django.server: "GET /api/runner-status/ HTTP/1.1" 200 16
[2026-09-17 00:20:19,057] INFO django.server: "GET /api/runner-status/ HTTP/1.1" 200 16
[2026-09-17 00:20:19,981] INFO django.server: "GET /analytics/api/jobs/ HTTP/1.1" 200 12
[2026-09-17 00:20:20,051] INFO django.server: "GET /api/tasks/ HTTP/1.1" 200 1289
[2026-09-17 00:20:21,401] INFO django.server: "GET /api/runner-status/ HTTP/1.1" 200 16
[2026-09-17 00:20:21,761] INFO django.server: "GET /api/runner-status/ HTTP/1.1" 200 16
[2026-09-17 00:20:22,980] INFO django.server: "GET /analytics/api/jobs/ HTTP/1.1" 200 12
[2026-09-17 00:20:23,060] INFO django.server: "GET /api/runner-status/ HTTP/1.1" 200 16
[2026-09-17 00:20:23,064] INFO django.server: "GET /api/tasks/ HTTP/1.1" 200 1289
[2026-09-17 00:20:23,425] INFO django.server: "GET /api/runner-status/ HTTP/1.1" 200 16
[2026-09-17 00:20:25,055] INFO django.server: "GET /api/runner-status/ HTTP/1.1" 200 16
[2026-09-17 00:20:25,980] INFO django.server: "GET /analytics/api/jobs/ HTTP/1.1" 200 12
[2026-09-17 00:20:26,053] INFO django.server: "GET /api/tasks/ HTTP/1.1" 200 1289
[2026-09-17 00:20:26,783] INFO django.server: "GET /api/runner-status/ HTTP/1.1" 200 16
[2026-09-17 00:20:27,048] INFO django.server: "GET /api/runner-status/ HTTP/1.1" 200 16
[2026-09-17 00:20:28,981] INFO django.server: "GET /analytics/api/jobs/ HTTP/1.1" 200 12
[2026-09-17 00:20:29,045] INFO django.server: "GET /api/runner-status/ HTTP/1.1" 200 16
[2026-09-17 00:20:29,050] INFO django.server: "GET /api/tasks/ HTTP/1.1" 200 1289
[2026-09-17 00:20:29,057] INFO django.server: "GET /api/runner-status/ HTTP/1.1" 200 16
[2026-09-17 00:20:31,056] INFO django.server: "GET /api/runner-status/ HTTP/1.1" 200 16
[2026-09-17 00:20:31,801] INFO django.server: "GET /api/runner-status/ HTTP/1.1" 200 16
[2026-09-17 00:20:31,981] INFO django.server: "GET /analytics/api/jobs/ HTTP/1.1" 200 12
[2026-09-17 00:20:32,055] INFO django.server: "GET /api/tasks/ HTTP/1.1" 200 1289
[2026-09-17 00:20:33,046] INFO django.server: "GET /api/runner-status/ HTTP/1.1" 200 16
[2026-09-17 00:20:34,983] INFO django.server: "GET /analytics/api/jobs/ HTTP/1.1" 200 12
[2026-09-17 00:20:35,059] INFO django.server: "GET /api/runner-status/ HTTP/1.1" 200 16
[2026-09-17 00:20:35,061] INFO django.server: "GET /api/tasks/ HTTP/1.1" 200 1289
[2026-09-17 00:20:35,073] INFO django.server: "GET /api/runner-status/ HTTP/1.1" 200 16
[2026-09-17 00:20:36,823] INFO django.server: "GET /api/runner-status/ HTTP/1.1" 200 16
[2026-09-17 00:20:37,056] INFO django.server: "GET /api/runner-status/ HTTP/1.1" 200 16
[2026-09-17 00:20:37,980] INFO django.server: "GET /analytics/api/jobs/ HTTP/1.1" 200 12
[2026-09-17 00:20:38,051] INFO django.server: "GET /api/tasks/ HTTP/1.1" 200 1289
[2026-09-17 00:20:39,049] INFO django.server: "GET /api/runner-status/ HTTP/1.1" 200 16
[2026-09-17 00:20:40,984] INFO django.server: "GET /analytics/api/jobs/ HTTP/1.1" 200 12
[2026-09-17 00:20:41,052] INFO django.server: "GET /api/runner-status/ HTTP/1.1" 200 16
[2026-09-17 00:20:41,057] INFO django.server: "GET /api/tasks/ HTTP/1.1" 200 1289
[2026-09-17 00:20:41,065] INFO django.server: "GET /api/runner-status/ HTTP/1.1" 200 16
[2026-09-17 00:20:41,840] INFO django.server: "GET /api/runner-status/ HTTP/1.1" 200 16
[2026-09-17 00:20:43,043] INFO django.server: "GET /api/runner-status/ HTTP/1.1" 200 16
[2026-09-17 00:20:43,979] INFO django.server: "GET /analytics/api/jobs/ HTTP/1.1" 200 12
[2026-09-17 00:20:44,061] INFO django.server: "GET /api/tasks/ HTTP/1.1" 200 1289
[2026-09-17 00:20:45,057] INFO django.server: "GET /api/runner-status/ HTTP/1.1" 200 16
[2026-09-17 00:20:46,855] INFO django.server: "GET /api/runner-status/ HTTP/1.1" 200 16
[2026-09-17 00:20:46,980] INFO django.server: "GET /analytics/api/jobs/ HTTP/1.1" 200 12
[2026-09-17 00:20:47,054] INFO django.server: "GET /api/runner-status/ HTTP/1.1" 200 16
[2026-09-17 00:20:47,057] INFO django.server: "GET /api/tasks/ HTTP/1.1" 200 1289
[2026-09-17 00:20:47,066] INFO django.server: "GET /api/runner-status/ HTTP/1.1" 200 16
[2026-09-17 00:20:49,042] INFO django.server: "GET /api/runner-status/ HTTP/1.1" 200 16
[2026-09-17 00:20:49,979] INFO django.server: "GET /analytics/api/jobs/ HTTP/1.1" 200 12
[2026-09-17 00:20:50,065] INFO django.server: "GET /api/tasks/ HTTP/1.1" 200 1289
[2026-09-17 00:20:51,050] INFO django.server: "GET /api/runner-status/ HTTP/1.1" 200 16
[2026-09-17 00:20:51,884] INFO django.server: "GET /api/runner-status/ HTTP/1.1" 200 16
[2026-09-17 00:20:52,980] INFO django.server: "GET /analytics/api/jobs/ HTTP/1.1" 200 12
[2026-09-17 00:20:53,053] INFO django.server: "GET /api/runner-status/ HTTP/1.1" 200 16
[2026-09-17 00:20:53,059] INFO django.server: "GET /api/tasks/ HTTP/1.1" 200 1289
[2026-09-17 00:20:53,068] INFO django.server: "GET /api/runner-status/ HTTP/1.1" 200 16
[2026-09-17 00:20:55,050] INFO django.server: "GET /api/runner-status/ HTTP/1.1" 200 16
[2026-09-17 00:20:55,982] INFO django.server: "GET /analytics/api/jobs/ HTTP/1.1" 200 12
[2026-09-17 00:20:56,050] INFO django.server: "GET /api/tasks/ HTTP/1.1" 200 1289
[2026-09-17 00:20:56,905] INFO django.server: "GET /api/runner-status/ HTTP/1.1" 200 16
[2026-09-17 00:20:57,044] INFO django.server: "GET /api/runner-status/ HTTP/1.1" 200 16
[2026-09-17 00:20:58,985] INFO django.server: "GET /analytics/api/jobs/ HTTP/1.1" 200 12
[2026-09-17 00:20:59,054] INFO django.server: "GET /api/runner-status/ HTTP/1.1" 200 16
[2026-09-17 00:20:59,058] INFO django.server: "GET /api/tasks/ HTTP/1.1" 200 1289
[2026-09-17 00:20:59,069] INFO django.server: "GET /api/runner-status/ HTTP/1.1" 200 16
[2026-09-17 00:21:01,057] INFO django.server: "GET /api/runner-status/ HTTP/1.1" 200 16
[2026-09-17 00:21:01,932] INFO django.server: "GET /api/runner-status/ HTTP/1.1" 200 16
[2026-09-17 00:21:01,979] INFO django.server: "GET /analytics/api/jobs/ HTTP/1.1" 200 12
[2026-09-17 00:21:02,060] INFO django.server: "GET /api/tasks/ HTTP/1.1" 200 1289
[2026-09-17 00:21:03,053] INFO django.server: "GET /api/runner-status/ HTTP/1.1" 200 16
[2026-09-17 00:21:04,980] INFO django.server: "GET /analytics/api/jobs/ HTTP/1.1" 200 12
[2026-09-17 00:21:05,058] INFO django.server: "GET /api/runner-status/ HTTP/1.1" 200 16
[2026-09-17 00:21:05,063] INFO django.server: "GET /api/tasks/ HTTP/1.1" 200 1289
[2026-09-17 00:21:05,071] INFO django.server: "GET /api/runner-status/ HTTP/1.1" 200 16
[2026-09-17 00:21:06,949] INFO django.server: "GET /api/runner-status/ HTTP/1.1" 200 16
[2026-09-17 00:21:07,057] INFO django.server: "GET /api/runner-status/ HTTP/1.1" 200 16
[2026-09-17 00:21:07,980] INFO django.server: "GET /analytics/api/jobs/ HTTP/1.1" 200 12
[2026-09-17 00:21:08,053] INFO django.server: "GET /api/tasks/ HTTP/1.1" 200 1289
[2026-09-17 00:21:09,049] INFO django.server: "GET /api/runner-status/ HTTP/1.1" 200 16
[2026-09-17 00:21:10,980] INFO django.server: "GET /analytics/api/jobs/ HTTP/1.1" 200 12
[2026-09-17 00:21:11,050] INFO django.server: "GET /api/runner-status/ HTTP/1.1" 200 16
[2026-09-17 00:21:11,055] INFO django.server: "GET /api/tasks/ HTTP/1.1" 200 1289
[2026-09-17 00:21:11,062] INFO django.server: "GET /api/runner-status/ HTTP/1.1" 200 16
[2026-09-17 00:21:11,972] INFO django.server: "GET /api/runner-status/ HTTP/1.1" 200 16
[2026-09-17 00:21:13,049] INFO django.server: "GET /api/runner-status/ HTTP/1.1" 200 16
[2026-09-17 00:21:13,979] INFO django.server: "GET /analytics/api/jobs/ HTTP/1.1" 200 12
[2026-09-17 00:21:14,044] INFO django.server: "GET /api/tasks/ HTTP/1.1" 200 1289
[2026-09-17 00:21:15,060] INFO django.server: "GET /api/runner-status/ HTTP/1.1" 200 16
[2026-09-17 00:21:16,981] INFO django.server: "GET /analytics/api/jobs/ HTTP/1.1" 200 12
[2026-09-17 00:21:16,991] INFO django.server: "GET /api/runner-status/ HTTP/1.1" 200 16
[2026-09-17 00:21:17,055] INFO django.server: "GET /api/runner-status/ HTTP/1.1" 200 16
[2026-09-17 00:21:17,059] INFO django.server: "GET /api/tasks/ HTTP/1.1" 200 1289
[2026-09-17 00:21:17,068] INFO django.server: "GET /api/runner-status/ HTTP/1.1" 200 16
[2026-09-17 00:21:19,051] INFO django.server: "GET /api/runner-status/ HTTP/1.1" 200 16
[2026-09-17 00:21:19,981] INFO django.server: "GET /analytics/api/jobs/ HTTP/1.1" 200 12
[2026-09-17 00:21:20,046] INFO django.server: "GET /api/tasks/ HTTP/1.1" 200 1289
[2026-09-17 00:21:21,057] INFO django.server: "GET /api/runner-status/ HTTP/1.1" 200 16
[2026-09-17 00:21:22,008] INFO django.server: "GET /api/runner-status/ HTTP/1.1" 200 16
[2026-09-17 00:21:22,980] INFO django.server: "GET /analytics/api/jobs/ HTTP/1.1" 200 12
[2026-09-17 00:21:23,052] INFO django.server: "GET /api/runner-status/ HTTP/1.1" 200 16
[2026-09-17 00:21:23,056] INFO django.server: "GET /api/tasks/ HTTP/1.1" 200 1289
[2026-09-17 00:21:23,064] INFO django.server: "GET /api/runner-status/ HTTP/1.1" 200 16
[2026-09-17 00:21:25,051] INFO django.server: "GET /api/runner-status/ HTTP/1.1" 200 16
[2026-09-17 00:21:25,981] INFO django.server: "GET /analytics/api/jobs/ HTTP/1.1" 200 12
[2026-09-17 00:21:26,051] INFO django.server: "GET /api/tasks/ HTTP/1.1" 200 1289
[2026-09-17 00:21:27,034] INFO django.server: "GET /api/runner-status/ HTTP/1.1" 200 16
[2026-09-17 00:21:27,049] INFO django.server: "GET /api/runner-status/ HTTP/1.1" 200 16
[2026-09-17 00:21:28,982] INFO django.server: "GET /analytics/api/jobs/ HTTP/1.1" 200 12
[2026-09-17 00:21:29,047] INFO django.server: "GET /api/runner-status/ HTTP/1.1" 200 16
[2026-09-17 00:21:29,050] INFO django.server: "GET /api/tasks/ HTTP/1.1" 200 1289
[2026-09-17 00:21:29,058] INFO django.server: "GET /api/runner-status/ HTTP/1.1" 200 16
[2026-09-17 00:21:31,062] INFO django.server: "GET /api/runner-status/ HTTP/1.1" 200 16
[2026-09-17 00:21:31,982] INFO django.server: "GET /analytics/api/jobs/ HTTP/1.1" 200 12
[2026-09-17 00:21:32,058] INFO django.server: "GET /api/runner-status/ HTTP/1.1" 200 16
[2026-09-17 00:21:32,060] INFO django.server: "GET /api/tasks/ HTTP/1.1" 200 1289
[2026-09-17 00:21:33,055] INFO django.server: "GET /api/runner-status/ HTTP/1.1" 200 16
[2026-09-17 00:21:34,981] INFO django.server: "GET /analytics/api/jobs/ HTTP/1.1" 200 12
[2026-09-17 00:21:35,055] INFO django.server: "GET /api/runner-status/ HTTP/1.1" 200 16
[2026-09-17 00:21:35,058] INFO django.server: "GET /api/tasks/ HTTP/1.1" 200 1289
[2026-09-17 00:21:35,067] INFO django.server: "GET /api/runner-status/ HTTP/1.1" 200 16
[2026-09-17 00:21:37,052] INFO django.server: "GET /api/runner-status/ HTTP/1.1" 200 16
[2026-09-17 00:21:37,075] INFO django.server: "GET /api/runner-status/ HTTP/1.1" 200 16
[2026-09-17 00:21:37,980] INFO django.server: "GET /analytics/api/jobs/ HTTP/1.1" 200 12
[2026-09-17 00:21:38,052] INFO django.server: "GET /api/tasks/ HTTP/1.1" 200 1289
[2026-09-17 00:21:39,050] INFO django.server: "GET /api/runner-status/ HTTP/1.1" 200 16
[2026-09-17 00:21:40,985] INFO django.server: "GET /analytics/api/jobs/ HTTP/1.1" 200 12
[2026-09-17 00:21:41,056] INFO django.server: "GET /api/runner-status/ HTTP/1.1" 200 16
[2026-09-17 00:21:41,059] INFO django.server: "GET /api/tasks/ HTTP/1.1" 200 1289
[2026-09-17 00:21:41,071] INFO django.server: "GET /api/runner-status/ HTTP/1.1" 200 16
[2026-09-17 00:21:42,136] INFO django.server: "GET /api/runner-status/ HTTP/1.1" 200 16
[2026-09-17 00:21:43,051] INFO django.server: "GET /api/runner-status/ HTTP/1.1" 200 16
[2026-09-17 00:21:43,981] INFO django.server: "GET /analytics/api/jobs/ HTTP/1.1" 200 12
[2026-09-17 00:21:44,050] INFO django.server: "GET /api/tasks/ HTTP/1.1" 200 1289
[2026-09-17 00:21:45,044] INFO django.server: "GET /api/runner-status/ HTTP/1.1" 200 16
[2026-09-17 00:21:45,539] INFO django.server: "GET / HTTP/1.1" 200 7214
[2026-09-17 00:21:45,598] INFO django.server: "GET /api/runner-status/ HTTP/1.1" 200 16
[2026-09-17 00:21:45,604] INFO django.server: "GET /api/tasks/ HTTP/1.1" 200 1289
[2026-09-17 00:21:47,056] INFO django.server: "GET /api/runner-status/ HTTP/1.1" 200 16
[2026-09-17 00:21:47,059] INFO django.server: "GET /api/tasks/ HTTP/1.1" 200 1289
[2026-09-17 00:21:47,070] INFO django.server: "GET /api/runner-status/ HTTP/1.1" 200 16
[2026-09-17 00:21:48,131] INFO django.server: "GET /api/tasks/ HTTP/1.1" 200 1289
[2026-09-17 00:21:49,053] INFO django.server: "GET /api/runner-status/ HTTP/1.1" 200 16
[2026-09-17 00:21:50,053] INFO django.server: "GET /api/tasks/ HTTP/1.1" 200 1289
[2026-09-17 00:21:50,615] INFO django.server: "GET /api/runner-status/ HTTP/1.1" 200 16
[2026-09-17 00:21:50,663] INFO django.server: "GET /api/tasks/ HTTP/1.1" 200 1289
[2026-09-17 00:21:51,050] INFO django.server: "GET /api/runner-status/ HTTP/1.1" 200 16
[2026-09-17 00:21:53,048] INFO django.server: "GET /api/runner-status/ HTTP/1.1" 200 16
[2026-09-17 00:21:53,051] INFO django.server: "GET /api/tasks/ HTTP/1.1" 200 1289
[2026-09-17 00:21:53,062] INFO django.server: "GET /api/runner-status/ HTTP/1.1" 200 16
[2026-09-17 00:21:53,188] INFO django.server: "GET /api/tasks/ HTTP/1.1" 200 1289
[2026-09-17 00:21:55,058] INFO django.server: "GET /api/runner-status/ HTTP/1.1" 200 16
[2026-09-17 00:21:55,633] INFO django.server: "GET /api/runner-status/ HTTP/1.1" 200 16
[2026-09-17 00:21:55,712] INFO django.server: "GET /api/tasks/ HTTP/1.1" 200 1289
[2026-09-17 00:21:56,059] INFO django.server: "GET /api/tasks/ HTTP/1.1" 200 1289
[2026-09-17 00:21:57,056] INFO django.server: "GET /api/runner-status/ HTTP/1.1" 200 16
[2026-09-17 00:21:58,576] INFO django.server: "GET /api/tasks/ HTTP/1.1" 200 1289
[2026-09-17 00:21:59,046] INFO django.server: "GET /api/runner-status/ HTTP/1.1" 200 16
[2026-09-17 00:21:59,397] INFO django.server: "GET /api/tasks/ HTTP/1.1" 200 1289
[2026-09-17 00:21:59,409] INFO django.server: "GET /api/runner-status/ HTTP/1.1" 200 16
[2026-09-17 00:22:00,656] INFO django.server: "GET /api/runner-status/ HTTP/1.1" 200 16
[2026-09-17 00:22:01,058] INFO django.server: "GET /api/runner-status/ HTTP/1.1" 200 16
[2026-09-17 00:22:01,107] INFO django.server: "GET /api/tasks/ HTTP/1.1" 200 1289
[2026-09-17 00:22:01,988] INFO django.server: "GET /analytics/ HTTP/1.1" 200 4652
[2026-09-17 00:22:02,044] INFO django.server: "GET /api/runner-status/ HTTP/1.1" 200 16
[2026-09-17 00:22:02,054] INFO django.server: "GET /api/tasks/ HTTP/1.1" 200 1289
[2026-09-17 00:22:03,060] INFO django.server: "GET /evaluation/ HTTP/1.1" 200 4381
[2026-09-17 00:22:03,063] INFO django.server: "GET /api/runner-status/ HTTP/1.1" 200 16
[2026-09-17 00:22:03,114] INFO django.server: "GET /api/runner-status/ HTTP/1.1" 200 16
[2026-09-17 00:22:04,703] INFO django.server: "GET /admin/ HTTP/1.1" 200 9761
[2026-09-17 00:22:05,047] INFO django.server: "GET /api/runner-status/ HTTP/1.1" 200 16
[2026-09-17 00:22:05,050] INFO django.server: "GET /api/tasks/ HTTP/1.1" 200 1289
[2026-09-17 00:22:05,061] INFO django.server: "GET /api/runner-status/ HTTP/1.1" 200 16
[2026-09-17 00:22:07,059] INFO django.server: "GET /api/runner-status/ HTTP/1.1" 200 16
[2026-09-17 00:22:08,056] INFO django.server: "GET /api/tasks/ HTTP/1.1" 200 1289
[2026-09-17 00:22:09,051] INFO django.server: "GET /api/runner-status/ HTTP/1.1" 200 16
[2026-09-17 00:22:09,064] INFO django.server: "GET /api/runner-status/ HTTP/1.1" 200 16
[2026-09-17 00:22:10,231] INFO django.server: "GET / HTTP/1.1" 200 7214
[2026-09-17 00:22:10,343] INFO django.server: "GET /api/runner-status/ HTTP/1.1" 200 16
[2026-09-17 00:22:10,354] INFO django.server: "GET /api/tasks/ HTTP/1.1" 200 1289
[2026-09-17 00:22:11,050] INFO django.server: "GET /api/runner-status/ HTTP/1.1" 200 16
[2026-09-17 00:22:11,053] INFO django.server: "GET /api/tasks/ HTTP/1.1" 200 1289
[2026-09-17 00:22:11,063] INFO django.server: "GET /api/runner-status/ HTTP/1.1" 200 16
[2026-09-17 00:22:12,896] INFO django.server: "GET /api/tasks/ HTTP/1.1" 200 1289
[2026-09-17 00:22:13,050] INFO django.server: "GET /api/runner-status/ HTTP/1.1" 200 16
[2026-09-17 00:22:14,050] INFO django.server: "GET /api/tasks/ HTTP/1.1" 200 1289
[2026-09-17 00:22:15,400] INFO django.server: "GET /api/runner-status/ HTTP/1.1" 200 16
[2026-09-17 00:22:15,423] INFO django.server: "GET /api/tasks/ HTTP/1.1" 200 1289
[2026-09-17 00:22:15,502] INFO django.server: "GET /admin/ HTTP/1.1" 200 9761
[2026-09-17 00:22:15,756] INFO django.server: "GET /api/runner-status/ HTTP/1.1" 200 16
[2026-09-17 00:22:15,768] INFO django.server: "GET /api/runner-status/ HTTP/1.1" 200 16
[2026-09-17 00:22:17,044] INFO django.server: "GET /api/runner-status/ HTTP/1.1" 200 16
[2026-09-17 00:22:17,047] INFO django.server: "GET /api/tasks/ HTTP/1.1" 200 1289
[2026-09-17 00:22:17,413] INFO django.server: "GET /api/runner-status/ HTTP/1.1" 200 16
[2026-09-17 00:22:18,044] INFO django.server: "GET /api/tasks/ HTTP/1.1" 200 1289
[2026-09-17 00:22:19,056] INFO django.server: "GET /api/runner-status/ HTTP/1.1" 200 16
[2026-09-17 00:22:20,044] INFO django.server: "GET /api/tasks/ HTTP/1.1" 200 1289
[2026-09-17 00:22:21,057] INFO django.server: "GET /api/runner-status/ HTTP/1.1" 200 16
[2026-09-17 00:22:21,061] INFO django.server: "GET /api/tasks/ HTTP/1.1" 200 1289
[2026-09-17 00:22:21,068] INFO django.server: "GET /api/runner-status/ HTTP/1.1" 200 16
[2026-09-17 00:22:21,080] INFO django.server: "GET /api/runner-status/ HTTP/1.1" 200 16
[2026-09-17 00:22:21,967] INFO django.server: "GET /admin/evaluation/evaluationjob/ HTTP/1.1" 200 12890
[2026-09-17 00:22:22,017] INFO django.server: "GET /admin/jsi18n/ HTTP/1.1" 200 17546
[2026-09-17 00:22:23,055] INFO django.server: "GET /api/runner-status/ HTTP/1.1" 200 16
[2026-09-17 00:22:23,058] INFO django.server: "GET /api/tasks/ HTTP/1.1" 200 1289
[2026-09-17 00:22:23,068] INFO django.server: "GET /api/runner-status/ HTTP/1.1" 200 16
[2026-09-17 00:22:24,055] INFO django.server: "GET /api/tasks/ HTTP/1.1" 200 1289
[2026-09-17 00:22:25,050] INFO django.server: "GET /api/runner-status/ HTTP/1.1" 200 16
[2026-09-17 00:22:26,050] INFO django.server: "GET /api/tasks/ HTTP/1.1" 200 1289
[2026-09-17 00:22:26,227] INFO django.server: "GET /admin/constance/config/ HTTP/1.1" 200 18481
[2026-09-17 00:22:26,269] INFO django.server: "GET /static/admin/img/icon-no.svg HTTP/1.1" 304 0
[2026-09-17 00:22:26,270] INFO django.server: "GET /static/admin/js/constance.js HTTP/1.1" 304 0
[2026-09-17 00:22:26,270] INFO django.server: "GET /static/admin/css/constance.css HTTP/1.1" 304 0
[2026-09-17 00:22:26,270] INFO django.server: "GET /static/admin/img/icon-yes.svg HTTP/1.1" 304 0
[2026-09-17 00:22:26,278] INFO django.server: "GET /admin/jsi18n/ HTTP/1.1" 200 17546
[2026-09-17 00:22:27,046] INFO django.server: "GET /api/runner-status/ HTTP/1.1" 200 16
[2026-09-17 00:22:27,051] INFO django.server: "GET /api/tasks/ HTTP/1.1" 200 1289
[2026-09-17 00:22:27,059] INFO django.server: "GET /api/runner-status/ HTTP/1.1" 200 16
[2026-09-17 00:22:27,070] INFO django.server: "GET /api/runner-status/ HTTP/1.1" 200 16
[2026-09-17 00:22:29,043] INFO django.server: "GET /api/runner-status/ HTTP/1.1" 200 16
[2026-09-17 00:22:29,055] INFO django.server: "GET /api/runner-status/ HTTP/1.1" 200 16
[2026-09-17 00:22:29,062] INFO django.server: "GET /api/tasks/ HTTP/1.1" 200 1289
[2026-09-17 00:22:30,057] INFO django.server: "GET /api/tasks/ HTTP/1.1" 200 1289
[2026-09-17 00:22:31,059] INFO django.server: "GET /api/runner-status/ HTTP/1.1" 200 16
[2026-09-17 00:22:31,298] INFO django.server: "GET /admin/analytics/importjob/ HTTP/1.1" 200 12888
[2026-09-17 00:22:31,345] INFO django.server: "GET /admin/jsi18n/ HTTP/1.1" 200 17546
[2026-09-17 00:22:32,059] INFO django.server: "GET /api/tasks/ HTTP/1.1" 200 1289
[2026-09-17 00:22:33,055] INFO django.server: "GET /api/runner-status/ HTTP/1.1" 200 16
[2026-09-17 00:22:33,058] INFO django.server: "GET /api/tasks/ HTTP/1.1" 200 1289
[2026-09-17 00:22:33,068] INFO django.server: "GET /api/runner-status/ HTTP/1.1" 200 16
[2026-09-17 00:22:33,079] INFO django.server: "GET /api/runner-status/ HTTP/1.1" 200 16
[2026-09-17 00:22:35,054] INFO django.server: "GET /api/runner-status/ HTTP/1.1" 200 16
[2026-09-17 00:22:35,059] INFO django.server: "GET /api/tasks/ HTTP/1.1" 200 1289
[2026-09-17 00:22:35,066] INFO django.server: "GET /api/runner-status/ HTTP/1.1" 200 16
[2026-09-17 00:22:36,052] INFO django.server: "GET /api/tasks/ HTTP/1.1" 200 1289
[2026-09-17 00:22:37,052] INFO django.server: "GET /api/runner-status/ HTTP/1.1" 200 16
[2026-09-17 00:22:38,054] INFO django.server: "GET /api/tasks/ HTTP/1.1" 200 1289
[2026-09-17 00:22:39,053] INFO django.server: "GET /api/runner-status/ HTTP/1.1" 200 16
[2026-09-17 00:22:39,058] INFO django.server: "GET /api/tasks/ HTTP/1.1" 200 1289
[2026-09-17 00:22:39,067] INFO django.server: "GET /api/runner-status/ HTTP/1.1" 200 16
[2026-09-17 00:22:39,078] INFO django.server: "GET /api/runner-status/ HTTP/1.1" 200 16
[2026-09-17 00:22:41,053] INFO django.server: "GET /api/runner-status/ HTTP/1.1" 200 16
[2026-09-17 00:22:41,059] INFO django.server: "GET /api/tasks/ HTTP/1.1" 200 1289
[2026-09-17 00:22:41,067] INFO django.server: "GET /api/runner-status/ HTTP/1.1" 200 16
[2026-09-17 00:22:42,048] INFO django.server: "GET /api/tasks/ HTTP/1.1" 200 1289
[2026-09-17 00:22:43,055] INFO django.server: "GET /api/runner-status/ HTTP/1.1" 200 16
[2026-09-17 00:22:44,051] INFO django.server: "GET /api/tasks/ HTTP/1.1" 200 1289
[2026-09-17 00:22:45,046] INFO django.server: "GET /api/runner-status/ HTTP/1.1" 200 16
[2026-09-17 00:22:45,051] INFO django.server: "GET /api/tasks/ HTTP/1.1" 200 1289
[2026-09-17 00:22:45,060] INFO django.server: "GET /api/runner-status/ HTTP/1.1" 200 16
[2026-09-17 00:22:45,071] INFO django.server: "GET /api/runner-status/ HTTP/1.1" 200 16
[2026-09-17 00:22:47,047] INFO django.server: "GET /api/runner-status/ HTTP/1.1" 200 16
[2026-09-17 00:22:47,050] INFO django.server: "GET /api/tasks/ HTTP/1.1" 200 1289
[2026-09-17 00:22:47,059] INFO django.server: "GET /api/runner-status/ HTTP/1.1" 200 16
[2026-09-17 00:22:48,066] INFO django.server: "GET /api/tasks/ HTTP/1.1" 200 1289
[2026-09-17 00:22:49,052] INFO django.server: "GET /api/runner-status/ HTTP/1.1" 200 16
[2026-09-17 00:22:50,055] INFO django.server: "GET /api/tasks/ HTTP/1.1" 200 1289
[2026-09-17 00:22:51,052] INFO django.server: "GET /api/runner-status/ HTTP/1.1" 200 16
[2026-09-17 00:22:51,056] INFO django.server: "GET /api/tasks/ HTTP/1.1" 200 1289
[2026-09-17 00:22:51,064] INFO django.server: "GET /api/runner-status/ HTTP/1.1" 200 16
[2026-09-17 00:22:51,076] INFO django.server: "GET /api/runner-status/ HTTP/1.1" 200 16
[2026-09-17 00:22:53,058] INFO django.server: "GET /api/runner-status/ HTTP/1.1" 200 16
[2026-09-17 00:22:53,061] INFO django.server: "GET /api/tasks/ HTTP/1.1" 200 1289
[2026-09-17 00:22:53,070] INFO django.server: "GET /api/runner-status/ HTTP/1.1" 200 16
[2026-09-17 00:22:54,060] INFO django.server: "GET /api/tasks/ HTTP/1.1" 200 1289
[2026-09-17 00:22:55,049] INFO django.server: "GET /api/runner-status/ HTTP/1.1" 200 16
[2026-09-17 00:22:56,051] INFO django.server: "GET /api/tasks/ HTTP/1.1" 200 1289
[2026-09-17 00:22:57,054] INFO django.server: "GET /api/runner-status/ HTTP/1.1" 200 16
[2026-09-17 00:22:57,057] INFO django.server: "GET /api/tasks/ HTTP/1.1" 200 1289
[2026-09-17 00:22:57,066] INFO django.server: "GET /api/runner-status/ HTTP/1.1" 200 16
[2026-09-17 00:22:57,077] INFO django.server: "GET /api/runner-status/ HTTP/1.1" 200 16
[2026-09-17 00:22:59,058] INFO django.server: "GET /api/runner-status/ HTTP/1.1" 200 16
[2026-09-17 00:22:59,063] INFO django.server: "GET /api/tasks/ HTTP/1.1" 200 1289
[2026-09-17 00:22:59,070] INFO django.server: "GET /api/runner-status/ HTTP/1.1" 200 16
[2026-09-17 00:23:00,057] INFO django.server: "GET /api/tasks/ HTTP/1.1" 200 1289
[2026-09-17 00:23:01,058] INFO django.server: "GET /api/runner-status/ HTTP/1.1" 200 16
[2026-09-17 00:23:02,060] INFO django.server: "GET /api/tasks/ HTTP/1.1" 200 1289
[2026-09-17 00:23:03,058] INFO django.server: "GET /api/runner-status/ HTTP/1.1" 200 16
[2026-09-17 00:23:03,061] INFO django.server: "GET /api/tasks/ HTTP/1.1" 200 1289
[2026-09-17 00:23:03,070] INFO django.server: "GET /api/runner-status/ HTTP/1.1" 200 16
[2026-09-17 00:23:03,082] INFO django.server: "GET /api/runner-status/ HTTP/1.1" 200 16
[2026-09-17 00:23:05,059] INFO django.server: "GET /api/runner-status/ HTTP/1.1" 200 16
[2026-09-17 00:23:05,065] INFO django.server: "GET /api/tasks/ HTTP/1.1" 200 1289
[2026-09-17 00:23:05,073] INFO django.server: "GET /api/runner-status/ HTTP/1.1" 200 16
[2026-09-17 00:23:06,055] INFO django.server: "GET /api/tasks/ HTTP/1.1" 200 1289
[2026-09-17 00:23:07,055] INFO django.server: "GET /api/runner-status/ HTTP/1.1" 200 16
[2026-09-17 00:23:08,044] INFO django.server: "GET /api/tasks/ HTTP/1.1" 200 1289
[2026-09-17 00:23:09,051] INFO django.server: "GET /api/runner-status/ HTTP/1.1" 200 16
[2026-09-17 00:23:09,054] INFO django.server: "GET /api/tasks/ HTTP/1.1" 200 1289
[2026-09-17 00:23:09,064] INFO django.server: "GET /api/runner-status/ HTTP/1.1" 200 16
[2026-09-17 00:23:09,076] INFO django.server: "GET /api/runner-status/ HTTP/1.1" 200 16
[2026-09-17 00:23:11,059] INFO django.server: "GET /api/runner-status/ HTTP/1.1" 200 16
[2026-09-17 00:23:11,063] INFO django.server: "GET /api/tasks/ HTTP/1.1" 200 1289
[2026-09-17 00:23:11,078] INFO django.server: "GET /api/runner-status/ HTTP/1.1" 200 16
[2026-09-17 00:23:12,049] INFO django.server: "GET /api/tasks/ HTTP/1.1" 200 1289
[2026-09-17 00:23:13,056] INFO django.server: "GET /api/runner-status/ HTTP/1.1" 200 16
[2026-09-17 00:23:14,060] INFO django.server: "GET /api/tasks/ HTTP/1.1" 200 1289
[2026-09-17 00:23:15,054] INFO django.server: "GET /api/runner-status/ HTTP/1.1" 200 16
[2026-09-17 00:23:15,060] INFO django.server: "GET /api/tasks/ HTTP/1.1" 200 1289
[2026-09-17 00:23:15,069] INFO django.server: "GET /api/runner-status/ HTTP/1.1" 200 16
[2026-09-17 00:23:15,081] INFO django.server: "GET /api/runner-status/ HTTP/1.1" 200 16
[2026-09-17 00:23:17,052] INFO django.server: "GET /api/runner-status/ HTTP/1.1" 200 16
[2026-09-17 00:23:17,055] INFO django.server: "GET /api/tasks/ HTTP/1.1" 200 1289
[2026-09-17 00:23:17,065] INFO django.server: "GET /api/runner-status/ HTTP/1.1" 200 16
[2026-09-17 00:23:18,058] INFO django.server: "GET /api/tasks/ HTTP/1.1" 200 1289
[2026-09-17 00:23:19,057] INFO django.server: "GET /api/runner-status/ HTTP/1.1" 200 16
[2026-09-17 00:23:20,055] INFO django.server: "GET /api/tasks/ HTTP/1.1" 200 1289
[2026-09-17 00:23:21,052] INFO django.server: "GET /api/runner-status/ HTTP/1.1" 200 16
[2026-09-17 00:23:21,058] INFO django.server: "GET /api/tasks/ HTTP/1.1" 200 1289
[2026-09-17 00:23:21,067] INFO django.server: "GET /api/runner-status/ HTTP/1.1" 200 16
[2026-09-17 00:23:21,081] INFO django.server: "GET /api/runner-status/ HTTP/1.1" 200 16
[2026-09-17 00:23:23,062] INFO django.server: "GET /api/runner-status/ HTTP/1.1" 200 16
[2026-09-17 00:23:23,072] INFO django.server: "GET /api/tasks/ HTTP/1.1" 200 1289
[2026-09-17 00:23:23,083] INFO django.server: "GET /api/runner-status/ HTTP/1.1" 200 16
[2026-09-17 00:23:24,053] INFO django.server: "GET /api/tasks/ HTTP/1.1" 200 1289
[2026-09-17 00:23:25,057] INFO django.server: "GET /api/runner-status/ HTTP/1.1" 200 16
[2026-09-17 00:23:26,059] INFO django.server: "GET /api/tasks/ HTTP/1.1" 200 1289
[2026-09-17 00:23:27,060] INFO django.server: "GET /api/runner-status/ HTTP/1.1" 200 16
[2026-09-17 00:23:27,065] INFO django.server: "GET /api/tasks/ HTTP/1.1" 200 1289
[2026-09-17 00:23:27,073] INFO django.server: "GET /api/runner-status/ HTTP/1.1" 200 16
[2026-09-17 00:23:27,084] INFO django.server: "GET /api/runner-status/ HTTP/1.1" 200 16
[2026-09-17 00:23:29,052] INFO django.server: "GET /api/runner-status/ HTTP/1.1" 200 16
[2026-09-17 00:23:29,057] INFO django.server: "GET /api/tasks/ HTTP/1.1" 200 1289
[2026-09-17 00:23:29,065] INFO django.server: "GET /api/runner-status/ HTTP/1.1" 200 16
[2026-09-17 00:23:30,054] INFO django.server: "GET /api/tasks/ HTTP/1.1" 200 1289
[2026-09-17 00:23:31,047] INFO django.server: "GET /api/runner-status/ HTTP/1.1" 200 16
[2026-09-17 00:23:32,055] INFO django.server: "GET /api/tasks/ HTTP/1.1" 200 1289
[2026-09-17 00:23:33,049] INFO django.server: "GET /api/runner-status/ HTTP/1.1" 200 16
[2026-09-17 00:23:33,055] INFO django.server: "GET /api/tasks/ HTTP/1.1" 200 1289
[2026-09-17 00:23:33,064] INFO django.server: "GET /api/runner-status/ HTTP/1.1" 200 16
[2026-09-17 00:23:33,077] INFO django.server: "GET /api/runner-status/ HTTP/1.1" 200 16
[2026-09-17 00:23:35,051] INFO django.server: "GET /api/runner-status/ HTTP/1.1" 200 16
[2026-09-17 00:23:35,055] INFO django.server: "GET /api/tasks/ HTTP/1.1" 200 1289
[2026-09-17 00:23:35,063] INFO django.server: "GET /api/runner-status/ HTTP/1.1" 200 16
[2026-09-17 00:23:36,051] INFO django.server: "GET /api/tasks/ HTTP/1.1" 200 1289
[2026-09-17 00:23:37,051] INFO django.server: "GET /api/runner-status/ HTTP/1.1" 200 16
[2026-09-17 00:23:38,060] INFO django.server: "GET /api/tasks/ HTTP/1.1" 200 1289
[2026-09-17 00:23:39,057] INFO django.server: "GET /api/runner-status/ HTTP/1.1" 200 16
[2026-09-17 00:23:39,060] INFO django.server: "GET /api/tasks/ HTTP/1.1" 200 1289
[2026-09-17 00:23:39,072] INFO django.server: "GET /api/runner-status/ HTTP/1.1" 200 16
[2026-09-17 00:23:39,084] INFO django.server: "GET /api/runner-status/ HTTP/1.1" 200 16
[2026-09-17 00:23:41,053] INFO django.server: "GET /api/runner-status/ HTTP/1.1" 200 16
[2026-09-17 00:23:41,060] INFO django.server: "GET /api/tasks/ HTTP/1.1" 200 1289
[2026-09-17 00:23:41,068] INFO django.server: "GET /api/runner-status/ HTTP/1.1" 200 16
[2026-09-17 00:23:42,051] INFO django.server: "GET /api/tasks/ HTTP/1.1" 200 1289
[2026-09-17 00:23:43,046] INFO django.server: "GET /api/runner-status/ HTTP/1.1" 200 16
[2026-09-17 00:23:44,051] INFO django.server: "GET /api/tasks/ HTTP/1.1" 200 1289
[2026-09-17 00:23:45,057] INFO django.server: "GET /api/runner-status/ HTTP/1.1" 200 16
[2026-09-17 00:23:45,058] INFO django.server: "GET /api/tasks/ HTTP/1.1" 200 1289
[2026-09-17 00:23:45,070] INFO django.server: "GET /api/runner-status/ HTTP/1.1" 200 16
[2026-09-17 00:23:45,082] INFO django.server: "GET /api/runner-status/ HTTP/1.1" 200 16
[2026-09-17 00:23:47,055] INFO django.server: "GET /api/runner-status/ HTTP/1.1" 200 16
[2026-09-17 00:23:47,058] INFO django.server: "GET /api/tasks/ HTTP/1.1" 200 1289
[2026-09-17 00:23:47,068] INFO django.server: "GET /api/runner-status/ HTTP/1.1" 200 16
[2026-09-17 00:23:48,052] INFO django.server: "GET /api/tasks/ HTTP/1.1" 200 1289
[2026-09-17 00:23:49,059] INFO django.server: "GET /api/runner-status/ HTTP/1.1" 200 16
[2026-09-17 00:23:50,057] INFO django.server: "GET /api/tasks/ HTTP/1.1" 200 1289
[2026-09-17 00:23:51,057] INFO django.server: "GET /api/runner-status/ HTTP/1.1" 200 16
[2026-09-17 00:23:51,059] INFO django.server: "GET /api/tasks/ HTTP/1.1" 200 1289
[2026-09-17 00:23:51,070] INFO django.server: "GET /api/runner-status/ HTTP/1.1" 200 16
[2026-09-17 00:23:51,082] INFO django.server: "GET /api/runner-status/ HTTP/1.1" 200 16
[2026-09-17 00:23:53,049] INFO django.server: "GET /api/runner-status/ HTTP/1.1" 200 16
[2026-09-17 00:23:53,053] INFO django.server: "GET /api/tasks/ HTTP/1.1" 200 1289
[2026-09-17 00:23:53,062] INFO django.server: "GET /api/runner-status/ HTTP/1.1" 200 16
[2026-09-17 00:23:54,050] INFO django.server: "GET /api/tasks/ HTTP/1.1" 200 1289
[2026-09-17 00:23:55,055] INFO django.server: "GET /api/runner-status/ HTTP/1.1" 200 16
[2026-09-17 00:23:56,070] INFO django.server: "GET /api/tasks/ HTTP/1.1" 200 1289
[2026-09-17 00:23:57,053] INFO django.server: "GET /api/runner-status/ HTTP/1.1" 200 16
[2026-09-17 00:23:57,058] INFO django.server: "GET /api/tasks/ HTTP/1.1" 200 1289
[2026-09-17 00:23:57,068] INFO django.server: "GET /api/runner-status/ HTTP/1.1" 200 16
[2026-09-17 00:23:57,080] INFO django.server: "GET /api/runner-status/ HTTP/1.1" 200 16
[2026-09-17 00:23:59,052] INFO django.server: "GET /api/runner-status/ HTTP/1.1" 200 16
[2026-09-17 00:23:59,054] INFO django.server: "GET /api/tasks/ HTTP/1.1" 200 1289
[2026-09-17 00:23:59,063] INFO django.server: "GET /api/runner-status/ HTTP/1.1" 200 16
[2026-09-17 00:24:00,052] INFO django.server: "GET /api/tasks/ HTTP/1.1" 200 1289
[2026-09-17 00:24:01,048] INFO django.server: "GET /api/runner-status/ HTTP/1.1" 200 16
[2026-09-17 00:24:02,068] INFO django.server: "GET /api/tasks/ HTTP/1.1" 200 1289
[2026-09-17 00:24:03,055] INFO django.server: "GET /api/runner-status/ HTTP/1.1" 200 16
[2026-09-17 00:24:03,059] INFO django.server: "GET /api/tasks/ HTTP/1.1" 200 1289
[2026-09-17 00:24:03,068] INFO django.server: "GET /api/runner-status/ HTTP/1.1" 200 16
[2026-09-17 00:24:03,080] INFO django.server: "GET /api/runner-status/ HTTP/1.1" 200 16
[2026-09-17 00:24:05,053] INFO django.server: "GET /api/runner-status/ HTTP/1.1" 200 16
[2026-09-17 00:24:05,056] INFO django.server: "GET /api/tasks/ HTTP/1.1" 200 1289
[2026-09-17 00:24:05,065] INFO django.server: "GET /api/runner-status/ HTTP/1.1" 200 16
[2026-09-17 00:24:06,061] INFO django.server: "GET /api/tasks/ HTTP/1.1" 200 1289
[2026-09-17 00:24:07,053] INFO django.server: "GET /api/runner-status/ HTTP/1.1" 200 16
[2026-09-17 00:24:08,057] INFO django.server: "GET /api/tasks/ HTTP/1.1" 200 1289
[2026-09-17 00:24:09,051] INFO django.server: "GET /api/runner-status/ HTTP/1.1" 200 16
[2026-09-17 00:24:09,055] INFO django.server: "GET /api/tasks/ HTTP/1.1" 200 1289
[2026-09-17 00:24:09,063] INFO django.server: "GET /api/runner-status/ HTTP/1.1" 200 16
[2026-09-17 00:24:09,074] INFO django.server: "GET /api/runner-status/ HTTP/1.1" 200 16
[2026-09-17 00:24:11,051] INFO django.server: "GET /api/runner-status/ HTTP/1.1" 200 16
[2026-09-17 00:24:11,054] INFO django.server: "GET /api/tasks/ HTTP/1.1" 200 1289
[2026-09-17 00:24:11,064] INFO django.server: "GET /api/runner-status/ HTTP/1.1" 200 16
[2026-09-17 00:24:12,048] INFO django.server: "GET /api/tasks/ HTTP/1.1" 200 1289
[2026-09-17 00:24:13,052] INFO django.server: "GET /api/runner-status/ HTTP/1.1" 200 16
[2026-09-17 00:24:14,050] INFO django.server: "GET /api/tasks/ HTTP/1.1" 200 1289
[2026-09-17 00:24:15,048] INFO django.server: "GET /api/runner-status/ HTTP/1.1" 200 16
[2026-09-17 00:24:15,054] INFO django.server: "GET /api/tasks/ HTTP/1.1" 200 1289
[2026-09-17 00:24:15,062] INFO django.server: "GET /api/runner-status/ HTTP/1.1" 200 16
[2026-09-17 00:24:15,073] INFO django.server: "GET /api/runner-status/ HTTP/1.1" 200 16
[2026-09-17 00:24:17,061] INFO django.server: "GET /api/runner-status/ HTTP/1.1" 200 16
[2026-09-17 00:24:17,062] INFO django.server: "GET /api/tasks/ HTTP/1.1" 200 1289
[2026-09-17 00:24:17,076] INFO django.server: "GET /api/runner-status/ HTTP/1.1" 200 16
[2026-09-17 00:24:18,058] INFO django.server: "GET /api/tasks/ HTTP/1.1" 200 1289
[2026-09-17 00:24:19,058] INFO django.server: "GET /api/runner-status/ HTTP/1.1" 200 16
[2026-09-17 00:24:20,046] INFO django.server: "GET /api/tasks/ HTTP/1.1" 200 1289
[2026-09-17 00:24:21,057] INFO django.server: "GET /api/runner-status/ HTTP/1.1" 200 16
[2026-09-17 00:24:21,061] INFO django.server: "GET /api/tasks/ HTTP/1.1" 200 1289
[2026-09-17 00:24:21,069] INFO django.server: "GET /api/runner-status/ HTTP/1.1" 200 16
[2026-09-17 00:24:21,080] INFO django.server: "GET /api/runner-status/ HTTP/1.1" 200 16
[2026-09-17 00:24:23,050] INFO django.server: "GET /api/runner-status/ HTTP/1.1" 200 16
[2026-09-17 00:24:23,051] INFO django.server: "GET /api/tasks/ HTTP/1.1" 200 1289
[2026-09-17 00:24:23,067] INFO django.server: "GET /api/runner-status/ HTTP/1.1" 200 16
[2026-09-17 00:24:24,056] INFO django.server: "GET /api/tasks/ HTTP/1.1" 200 1289
[2026-09-17 00:24:25,050] INFO django.server: "GET /api/runner-status/ HTTP/1.1" 200 16
[2026-09-17 00:24:26,046] INFO django.server: "GET /api/tasks/ HTTP/1.1" 200 1289
[2026-09-17 00:24:27,050] INFO django.server: "GET /api/runner-status/ HTTP/1.1" 200 16
[2026-09-17 00:24:27,054] INFO django.server: "GET /api/tasks/ HTTP/1.1" 200 1289
[2026-09-17 00:24:27,063] INFO django.server: "GET /api/runner-status/ HTTP/1.1" 200 16
[2026-09-17 00:24:27,075] INFO django.server: "GET /api/runner-status/ HTTP/1.1" 200 16
[2026-09-17 00:24:29,054] INFO django.server: "GET /api/runner-status/ HTTP/1.1" 200 16
[2026-09-17 00:24:29,056] INFO django.server: "GET /api/tasks/ HTTP/1.1" 200 1289
[2026-09-17 00:24:29,065] INFO django.server: "GET /api/runner-status/ HTTP/1.1" 200 16
[2026-09-17 00:24:30,048] INFO django.server: "GET /api/tasks/ HTTP/1.1" 200 1289
[2026-09-17 00:24:31,044] INFO django.server: "GET /api/runner-status/ HTTP/1.1" 200 16
[2026-09-17 00:24:32,058] INFO django.server: "GET /api/tasks/ HTTP/1.1" 200 1289
[2026-09-17 00:24:33,059] INFO django.server: "GET /api/runner-status/ HTTP/1.1" 200 16
[2026-09-17 00:24:33,064] INFO django.server: "GET /api/tasks/ HTTP/1.1" 200 1289
[2026-09-17 00:24:33,071] INFO django.server: "GET /api/runner-status/ HTTP/1.1" 200 16
[2026-09-17 00:24:33,083] INFO django.server: "GET /api/runner-status/ HTTP/1.1" 200 16
[2026-09-17 00:24:35,060] INFO django.server: "GET /api/runner-status/ HTTP/1.1" 200 16
[2026-09-17 00:24:35,063] INFO django.server: "GET /api/tasks/ HTTP/1.1" 200 1289
[2026-09-17 00:24:35,074] INFO django.server: "GET /api/runner-status/ HTTP/1.1" 200 16
[2026-09-17 00:24:36,051] INFO django.server: "GET /api/tasks/ HTTP/1.1" 200 1289
[2026-09-17 00:24:37,053] INFO django.server: "GET /api/runner-status/ HTTP/1.1" 200 16
[2026-09-17 00:24:38,053] INFO django.server: "GET /api/tasks/ HTTP/1.1" 200 1289
[2026-09-17 00:24:39,053] INFO django.server: "GET /api/runner-status/ HTTP/1.1" 200 16
[2026-09-17 00:24:39,058] INFO django.server: "GET /api/tasks/ HTTP/1.1" 200 1289
[2026-09-17 00:24:39,067] INFO django.server: "GET /api/runner-status/ HTTP/1.1" 200 16
[2026-09-17 00:24:39,080] INFO django.server: "GET /api/runner-status/ HTTP/1.1" 200 16
[2026-09-17 00:24:41,063] INFO django.server: "GET /api/runner-status/ HTTP/1.1" 200 16
[2026-09-17 00:24:41,067] INFO django.server: "GET /api/tasks/ HTTP/1.1" 200 1289
[2026-09-17 00:24:41,077] INFO django.server: "GET /api/runner-status/ HTTP/1.1" 200 16
[2026-09-17 00:24:42,061] INFO django.server: "GET /api/tasks/ HTTP/1.1" 200 1289
[2026-09-17 00:24:43,052] INFO django.server: "GET /api/runner-status/ HTTP/1.1" 200 16
[2026-09-17 00:24:44,053] INFO django.server: "GET /api/tasks/ HTTP/1.1" 200 1289
[2026-09-17 00:24:45,054] INFO django.server: "GET /api/runner-status/ HTTP/1.1" 200 16
[2026-09-17 00:24:45,058] INFO django.server: "GET /api/tasks/ HTTP/1.1" 200 1289
[2026-09-17 00:24:45,068] INFO django.server: "GET /api/runner-status/ HTTP/1.1" 200 16
[2026-09-17 00:24:45,081] INFO django.server: "GET /api/runner-status/ HTTP/1.1" 200 16
[2026-09-17 00:24:47,055] INFO django.server: "GET /api/runner-status/ HTTP/1.1" 200 16
[2026-09-17 00:24:47,060] INFO django.server: "GET /api/tasks/ HTTP/1.1" 200 1289
[2026-09-17 00:24:47,068] INFO django.server: "GET /api/runner-status/ HTTP/1.1" 200 16
[2026-09-17 00:24:48,044] INFO django.server: "GET /api/tasks/ HTTP/1.1" 200 1289
[2026-09-17 00:24:49,042] INFO django.server: "GET /api/runner-status/ HTTP/1.1" 200 16
[2026-09-17 00:24:50,056] INFO django.server: "GET /api/tasks/ HTTP/1.1" 200 1289
[2026-09-17 00:24:51,052] INFO django.server: "GET /api/runner-status/ HTTP/1.1" 200 16
[2026-09-17 00:24:51,058] INFO django.server: "GET /api/tasks/ HTTP/1.1" 200 1289
[2026-09-17 00:24:51,066] INFO django.server: "GET /api/runner-status/ HTTP/1.1" 200 16
[2026-09-17 00:24:51,077] INFO django.server: "GET /api/runner-status/ HTTP/1.1" 200 16
[2026-09-17 00:24:53,051] INFO django.server: "GET /api/tasks/ HTTP/1.1" 200 1289
[2026-09-17 00:24:53,061] INFO django.server: "GET /api/runner-status/ HTTP/1.1" 200 16
[2026-09-17 00:24:53,077] INFO django.server: "GET /api/runner-status/ HTTP/1.1" 200 16
[2026-09-17 00:24:54,059] INFO django.server: "GET /api/tasks/ HTTP/1.1" 200 1289
[2026-09-17 00:24:55,048] INFO django.server: "GET /api/runner-status/ HTTP/1.1" 200 16
[2026-09-17 00:24:56,050] INFO django.server: "GET /api/tasks/ HTTP/1.1" 200 1289
[2026-09-17 00:24:57,054] INFO django.server: "GET /api/runner-status/ HTTP/1.1" 200 16
[2026-09-17 00:24:57,057] INFO django.server: "GET /api/tasks/ HTTP/1.1" 200 1289
[2026-09-17 00:24:57,068] INFO django.server: "GET /api/runner-status/ HTTP/1.1" 200 16
[2026-09-17 00:24:57,081] INFO django.server: "GET /api/runner-status/ HTTP/1.1" 200 16
[2026-09-17 00:24:59,051] INFO django.server: "GET /api/runner-status/ HTTP/1.1" 200 16
[2026-09-17 00:24:59,054] INFO django.server: "GET /api/tasks/ HTTP/1.1" 200 1289
[2026-09-17 00:24:59,063] INFO django.server: "GET /api/runner-status/ HTTP/1.1" 200 16
[2026-09-17 00:25:00,049] INFO django.server: "GET /api/tasks/ HTTP/1.1" 200 1289
[2026-09-17 00:25:01,043] INFO django.server: "GET /api/runner-status/ HTTP/1.1" 200 16
[2026-09-17 00:25:02,060] INFO django.server: "GET /api/tasks/ HTTP/1.1" 200 1289
[2026-09-17 00:25:03,052] INFO django.server: "GET /api/runner-status/ HTTP/1.1" 200 16
[2026-09-17 00:25:03,055] INFO django.server: "GET /api/tasks/ HTTP/1.1" 200 1289
[2026-09-17 00:25:03,064] INFO django.server: "GET /api/runner-status/ HTTP/1.1" 200 16
[2026-09-17 00:25:03,075] INFO django.server: "GET /api/runner-status/ HTTP/1.1" 200 16
[2026-09-17 00:25:05,050] INFO django.server: "GET /api/runner-status/ HTTP/1.1" 200 16
[2026-09-17 00:25:05,056] INFO django.server: "GET /api/tasks/ HTTP/1.1" 200 1289
[2026-09-17 00:25:05,065] INFO django.server: "GET /api/runner-status/ HTTP/1.1" 200 16
[2026-09-17 00:25:06,055] INFO django.server: "GET /api/tasks/ HTTP/1.1" 200 1289
[2026-09-17 00:25:07,046] INFO django.server: "GET /api/runner-status/ HTTP/1.1" 200 16
[2026-09-17 00:25:08,051] INFO django.server: "GET /api/tasks/ HTTP/1.1" 200 1289
[2026-09-17 00:25:09,053] INFO django.server: "GET /api/runner-status/ HTTP/1.1" 200 16
[2026-09-17 00:25:09,059] INFO django.server: "GET /api/tasks/ HTTP/1.1" 200 1289
[2026-09-17 00:25:09,066] INFO django.server: "GET /api/runner-status/ HTTP/1.1" 200 16
[2026-09-17 00:25:09,080] INFO django.server: "GET /api/runner-status/ HTTP/1.1" 200 16
[2026-09-17 00:25:11,060] INFO django.server: "GET /api/runner-status/ HTTP/1.1" 200 16
[2026-09-17 00:25:11,069] INFO django.server: "GET /api/tasks/ HTTP/1.1" 200 1289
[2026-09-17 00:25:11,077] INFO django.server: "GET /api/runner-status/ HTTP/1.1" 200 16
[2026-09-17 00:25:12,047] INFO django.server: "GET /api/tasks/ HTTP/1.1" 200 1289
[2026-09-17 00:25:13,048] INFO django.server: "GET /api/runner-status/ HTTP/1.1" 200 16
[2026-09-17 00:25:14,050] INFO django.server: "GET /api/tasks/ HTTP/1.1" 200 1289
[2026-09-17 00:25:15,046] INFO django.server: "GET /api/runner-status/ HTTP/1.1" 200 16
[2026-09-17 00:25:15,050] INFO django.server: "GET /api/tasks/ HTTP/1.1" 200 1289
[2026-09-17 00:25:15,057] INFO django.server: "GET /api/runner-status/ HTTP/1.1" 200 16
[2026-09-17 00:25:15,067] INFO django.server: "GET /api/runner-status/ HTTP/1.1" 200 16
[2026-09-17 00:25:17,044] INFO django.server: "GET /api/runner-status/ HTTP/1.1" 200 16
[2026-09-17 00:25:17,049] INFO django.server: "GET /api/tasks/ HTTP/1.1" 200 1289
[2026-09-17 00:25:17,057] INFO django.server: "GET /api/runner-status/ HTTP/1.1" 200 16
[2026-09-17 00:25:18,064] INFO django.server: "GET /api/tasks/ HTTP/1.1" 200 1289
[2026-09-17 00:25:19,046] INFO django.server: "GET /api/runner-status/ HTTP/1.1" 200 16
[2026-09-17 00:25:20,057] INFO django.server: "GET /api/tasks/ HTTP/1.1" 200 1289
[2026-09-17 00:25:21,048] INFO django.server: "GET /api/runner-status/ HTTP/1.1" 200 16
[2026-09-17 00:25:21,053] INFO django.server: "GET /api/tasks/ HTTP/1.1" 200 1289
[2026-09-17 00:25:21,059] INFO django.server: "GET /api/runner-status/ HTTP/1.1" 200 16
[2026-09-17 00:25:21,071] INFO django.server: "GET /api/runner-status/ HTTP/1.1" 200 16
[2026-09-17 00:25:23,056] INFO django.server: "GET /api/runner-status/ HTTP/1.1" 200 16
[2026-09-17 00:25:23,059] INFO django.server: "GET /api/tasks/ HTTP/1.1" 200 1289
[2026-09-17 00:25:23,069] INFO django.server: "GET /api/runner-status/ HTTP/1.1" 200 16
[2026-09-17 00:25:24,057] INFO django.server: "GET /api/tasks/ HTTP/1.1" 200 1289
[2026-09-17 00:25:25,050] INFO django.server: "GET /api/runner-status/ HTTP/1.1" 200 16
[2026-09-17 00:25:26,046] INFO django.server: "GET /api/tasks/ HTTP/1.1" 200 1289
[2026-09-17 00:25:27,050] INFO django.server: "GET /api/runner-status/ HTTP/1.1" 200 16
[2026-09-17 00:25:27,055] INFO django.server: "GET /api/tasks/ HTTP/1.1" 200 1289
[2026-09-17 00:25:27,062] INFO django.server: "GET /api/runner-status/ HTTP/1.1" 200 16
[2026-09-17 00:25:27,075] INFO django.server: "GET /api/runner-status/ HTTP/1.1" 200 16
[2026-09-17 00:25:29,079] INFO django.server: "GET /api/runner-status/ HTTP/1.1" 200 16
[2026-09-17 00:25:29,084] INFO django.server: "GET /api/tasks/ HTTP/1.1" 200 1289
[2026-09-17 00:25:29,090] INFO django.server: "GET /api/runner-status/ HTTP/1.1" 200 16
[2026-09-17 00:25:30,051] INFO django.server: "GET /api/tasks/ HTTP/1.1" 200 1289
[2026-09-17 00:25:31,049] INFO django.server: "GET /api/runner-status/ HTTP/1.1" 200 16
[2026-09-17 00:25:32,051] INFO django.server: "GET /api/tasks/ HTTP/1.1" 200 1289
[2026-09-17 00:25:33,053] INFO django.server: "GET /api/runner-status/ HTTP/1.1" 200 16
[2026-09-17 00:25:33,058] INFO django.server: "GET /api/tasks/ HTTP/1.1" 200 1289
[2026-09-17 00:25:33,067] INFO django.server: "GET /api/runner-status/ HTTP/1.1" 200 16
[2026-09-17 00:25:33,079] INFO django.server: "GET /api/runner-status/ HTTP/1.1" 200 16
[2026-09-17 00:25:35,056] INFO django.server: "GET /api/runner-status/ HTTP/1.1" 200 16
[2026-09-17 00:25:35,058] INFO django.server: "GET /api/tasks/ HTTP/1.1" 200 1289
[2026-09-17 00:25:35,068] INFO django.server: "GET /api/runner-status/ HTTP/1.1" 200 16
[2026-09-17 00:25:36,055] INFO django.server: "GET /api/tasks/ HTTP/1.1" 200 1289
[2026-09-17 00:25:37,052] INFO django.server: "GET /api/runner-status/ HTTP/1.1" 200 16
[2026-09-17 00:25:38,051] INFO django.server: "GET /api/tasks/ HTTP/1.1" 200 1289
[2026-09-17 00:25:39,051] INFO django.server: "GET /api/runner-status/ HTTP/1.1" 200 16
[2026-09-17 00:25:39,056] INFO django.server: "GET /api/tasks/ HTTP/1.1" 200 1289
[2026-09-17 00:25:39,064] INFO django.server: "GET /api/runner-status/ HTTP/1.1" 200 16
[2026-09-17 00:25:39,074] INFO django.server: "GET /api/runner-status/ HTTP/1.1" 200 16
[2026-09-17 00:25:41,067] INFO django.server: "GET /api/runner-status/ HTTP/1.1" 200 16
[2026-09-17 00:25:41,072] INFO django.server: "GET /api/tasks/ HTTP/1.1" 200 1289
[2026-09-17 00:25:41,079] INFO django.server: "GET /api/runner-status/ HTTP/1.1" 200 16
[2026-09-17 00:25:42,053] INFO django.server: "GET /api/tasks/ HTTP/1.1" 200 1289
[2026-09-17 00:25:43,093] INFO django.server: "GET /api/runner-status/ HTTP/1.1" 200 16
[2026-09-17 00:25:44,052] INFO django.server: "GET /api/tasks/ HTTP/1.1" 200 1289
[2026-09-17 00:25:45,054] INFO django.server: "GET /api/runner-status/ HTTP/1.1" 200 16
[2026-09-17 00:25:45,060] INFO django.server: "GET /api/tasks/ HTTP/1.1" 200 1289
[2026-09-17 00:25:45,070] INFO django.server: "GET /api/runner-status/ HTTP/1.1" 200 16
[2026-09-17 00:25:45,082] INFO django.server: "GET /api/runner-status/ HTTP/1.1" 200 16
[2026-09-17 00:25:47,046] INFO django.server: "GET /api/runner-status/ HTTP/1.1" 200 16
[2026-09-17 00:25:47,053] INFO django.server: "GET /api/tasks/ HTTP/1.1" 200 1289
[2026-09-17 00:25:47,062] INFO django.server: "GET /api/runner-status/ HTTP/1.1" 200 16
[2026-09-17 00:25:48,051] INFO django.server: "GET /api/tasks/ HTTP/1.1" 200 1289
[2026-09-17 00:25:49,049] INFO django.server: "GET /api/runner-status/ HTTP/1.1" 200 16
[2026-09-17 00:25:50,050] INFO django.server: "GET /api/tasks/ HTTP/1.1" 200 1289
[2026-09-17 00:25:51,050] INFO django.server: "GET /api/runner-status/ HTTP/1.1" 200 16
[2026-09-17 00:25:51,054] INFO django.server: "GET /api/tasks/ HTTP/1.1" 200 1289
[2026-09-17 00:25:51,062] INFO django.server: "GET /api/runner-status/ HTTP/1.1" 200 16
[2026-09-17 00:25:51,073] INFO django.server: "GET /api/runner-status/ HTTP/1.1" 200 16
[2026-09-17 00:25:53,050] INFO django.server: "GET /api/runner-status/ HTTP/1.1" 200 16
[2026-09-17 00:25:53,053] INFO django.server: "GET /api/tasks/ HTTP/1.1" 200 1289
[2026-09-17 00:25:53,061] INFO django.server: "GET /api/runner-status/ HTTP/1.1" 200 16
[2026-09-17 00:25:54,052] INFO django.server: "GET /api/tasks/ HTTP/1.1" 200 1289
[2026-09-17 00:25:55,044] INFO django.server: "GET /api/runner-status/ HTTP/1.1" 200 16
[2026-09-17 00:25:56,054] INFO django.server: "GET /api/tasks/ HTTP/1.1" 200 1289
[2026-09-17 00:25:57,045] INFO django.server: "GET /api/runner-status/ HTTP/1.1" 200 16
[2026-09-17 00:25:57,050] INFO django.server: "GET /api/tasks/ HTTP/1.1" 200 1289
[2026-09-17 00:25:57,057] INFO django.server: "GET /api/runner-status/ HTTP/1.1" 200 16
[2026-09-17 00:25:57,068] INFO django.server: "GET /api/runner-status/ HTTP/1.1" 200 16
[2026-09-17 00:25:59,057] INFO django.server: "GET /api/runner-status/ HTTP/1.1" 200 16
[2026-09-17 00:25:59,060] INFO django.server: "GET /api/tasks/ HTTP/1.1" 200 1289
[2026-09-17 00:25:59,069] INFO django.server: "GET /api/runner-status/ HTTP/1.1" 200 16
[2026-09-17 00:26:00,057] INFO django.server: "GET /api/tasks/ HTTP/1.1" 200 1289
[2026-09-17 00:26:01,049] INFO django.server: "GET /api/runner-status/ HTTP/1.1" 200 16
[2026-09-17 00:26:02,054] INFO django.server: "GET /api/tasks/ HTTP/1.1" 200 1289
[2026-09-17 00:26:03,052] INFO django.server: "GET /api/runner-status/ HTTP/1.1" 200 16
[2026-09-17 00:26:03,055] INFO django.server: "GET /api/tasks/ HTTP/1.1" 200 1289
[2026-09-17 00:26:03,064] INFO django.server: "GET /api/runner-status/ HTTP/1.1" 200 16
[2026-09-17 00:26:03,075] INFO django.server: "GET /api/runner-status/ HTTP/1.1" 200 16
[2026-09-17 00:26:05,066] INFO django.server: "GET /api/runner-status/ HTTP/1.1" 200 16
[2026-09-17 00:26:05,070] INFO django.server: "GET /api/tasks/ HTTP/1.1" 200 1289
[2026-09-17 00:26:05,082] INFO django.server: "GET /api/runner-status/ HTTP/1.1" 200 16
[2026-09-17 00:26:06,065] INFO django.server: "GET /api/tasks/ HTTP/1.1" 200 1289
[2026-09-17 00:26:07,049] INFO django.server: "GET /api/runner-status/ HTTP/1.1" 200 16
[2026-09-17 00:26:08,059] INFO django.server: "GET /api/tasks/ HTTP/1.1" 200 1289
[2026-09-17 00:26:09,057] INFO django.server: "GET /api/runner-status/ HTTP/1.1" 200 16
[2026-09-17 00:26:09,060] INFO django.server: "GET /api/tasks/ HTTP/1.1" 200 1289
[2026-09-17 00:26:09,070] INFO django.server: "GET /api/runner-status/ HTTP/1.1" 200 16
[2026-09-17 00:26:09,081] INFO django.server: "GET /api/runner-status/ HTTP/1.1" 200 16
[2026-09-17 00:26:11,043] INFO django.server: "GET /api/runner-status/ HTTP/1.1" 200 16
[2026-09-17 00:26:11,061] INFO django.server: "GET /api/runner-status/ HTTP/1.1" 200 16
[2026-09-17 00:26:11,063] INFO django.server: "GET /api/tasks/ HTTP/1.1" 200 1289
[2026-09-17 00:26:12,056] INFO django.server: "GET /api/tasks/ HTTP/1.1" 200 1289
[2026-09-17 00:26:13,046] INFO django.server: "GET /api/runner-status/ HTTP/1.1" 200 16
[2026-09-17 00:26:14,044] INFO django.server: "GET /api/tasks/ HTTP/1.1" 200 1289
[2026-09-17 00:26:15,058] INFO django.server: "GET /api/runner-status/ HTTP/1.1" 200 16
[2026-09-17 00:26:15,061] INFO django.server: "GET /api/tasks/ HTTP/1.1" 200 1289
[2026-09-17 00:26:15,070] INFO django.server: "GET /api/runner-status/ HTTP/1.1" 200 16
[2026-09-17 00:26:15,083] INFO django.server: "GET /api/runner-status/ HTTP/1.1" 200 16
[2026-09-17 00:26:17,051] INFO django.server: "GET /api/runner-status/ HTTP/1.1" 200 16
[2026-09-17 00:26:17,055] INFO django.server: "GET /api/tasks/ HTTP/1.1" 200 1289
[2026-09-17 00:26:17,068] INFO django.server: "GET /api/runner-status/ HTTP/1.1" 200 16
[2026-09-17 00:26:18,055] INFO django.server: "GET /api/tasks/ HTTP/1.1" 200 1289
[2026-09-17 00:26:19,052] INFO django.server: "GET /api/runner-status/ HTTP/1.1" 200 16
[2026-09-17 00:26:20,057] INFO django.server: "GET /api/tasks/ HTTP/1.1" 200 1289
[2026-09-17 00:26:21,404] INFO django.server: "GET /api/runner-status/ HTTP/1.1" 200 16
[2026-09-17 00:26:21,405] INFO django.server: "GET /api/tasks/ HTTP/1.1" 200 1289
[2026-09-17 00:26:21,768] INFO django.server: "GET /api/runner-status/ HTTP/1.1" 200 16
[2026-09-17 00:26:21,779] INFO django.server: "GET /api/runner-status/ HTTP/1.1" 200 16
[2026-09-17 00:26:23,050] INFO django.server: "GET /api/runner-status/ HTTP/1.1" 200 16
[2026-09-17 00:26:23,055] INFO django.server: "GET /api/tasks/ HTTP/1.1" 200 1289
[2026-09-17 00:26:23,063] INFO django.server: "GET /api/runner-status/ HTTP/1.1" 200 16
[2026-09-17 00:26:24,062] INFO django.server: "GET /api/tasks/ HTTP/1.1" 200 1289
[2026-09-17 00:26:25,054] INFO django.server: "GET /api/runner-status/ HTTP/1.1" 200 16
[2026-09-17 00:26:26,052] INFO django.server: "GET /api/tasks/ HTTP/1.1" 200 1289
[2026-09-17 00:26:27,051] INFO django.server: "GET /api/runner-status/ HTTP/1.1" 200 16
[2026-09-17 00:26:27,056] INFO django.server: "GET /api/tasks/ HTTP/1.1" 200 1289
[2026-09-17 00:26:27,063] INFO django.server: "GET /api/runner-status/ HTTP/1.1" 200 16
[2026-09-17 00:26:27,074] INFO django.server: "GET /api/runner-status/ HTTP/1.1" 200 16
[2026-09-17 00:26:29,047] INFO django.server: "GET /api/runner-status/ HTTP/1.1" 200 16
[2026-09-17 00:26:29,050] INFO django.server: "GET /api/tasks/ HTTP/1.1" 200 1289
[2026-09-17 00:26:29,060] INFO django.server: "GET /api/runner-status/ HTTP/1.1" 200 16
[2026-09-17 00:26:30,056] INFO django.server: "GET /api/tasks/ HTTP/1.1" 200 1289
[2026-09-17 00:26:31,050] INFO django.server: "GET /api/runner-status/ HTTP/1.1" 200 16
[2026-09-17 00:26:32,051] INFO django.server: "GET /api/tasks/ HTTP/1.1" 200 1289
[2026-09-17 00:26:33,047] INFO django.server: "GET /api/runner-status/ HTTP/1.1" 200 16
[2026-09-17 00:26:33,052] INFO django.server: "GET /api/tasks/ HTTP/1.1" 200 1289
[2026-09-17 00:26:33,060] INFO django.server: "GET /api/runner-status/ HTTP/1.1" 200 16
[2026-09-17 00:26:33,072] INFO django.server: "GET /api/runner-status/ HTTP/1.1" 200 16
[2026-09-17 00:26:35,053] INFO django.server: "GET /api/runner-status/ HTTP/1.1" 200 16
[2026-09-17 00:26:35,059] INFO django.server: "GET /api/tasks/ HTTP/1.1" 200 1289
[2026-09-17 00:26:35,069] INFO django.server: "GET /api/runner-status/ HTTP/1.1" 200 16
[2026-09-17 00:26:36,060] INFO django.server: "GET /api/tasks/ HTTP/1.1" 200 1289
[2026-09-17 00:26:37,049] INFO django.server: "GET /api/runner-status/ HTTP/1.1" 200 16
[2026-09-17 00:26:38,412] INFO django.server: "GET /api/tasks/ HTTP/1.1" 200 1289
[2026-09-17 00:26:39,046] INFO django.server: "GET /api/runner-status/ HTTP/1.1" 200 16
[2026-09-17 00:26:39,403] INFO django.server: "GET /api/tasks/ HTTP/1.1" 200 1289
[2026-09-17 00:26:39,416] INFO django.server: "GET /api/runner-status/ HTTP/1.1" 200 16
[2026-09-17 00:26:39,431] INFO django.server: "GET /api/runner-status/ HTTP/1.1" 200 16
[2026-09-17 00:26:41,060] INFO django.server: "GET /api/runner-status/ HTTP/1.1" 200 16
[2026-09-17 00:26:41,077] INFO django.server: "GET /api/tasks/ HTTP/1.1" 200 1289
[2026-09-17 00:26:41,085] INFO django.server: "GET /api/runner-status/ HTTP/1.1" 200 16
[2026-09-17 00:26:42,059] INFO django.server: "GET /api/tasks/ HTTP/1.1" 200 1289
[2026-09-17 00:26:43,052] INFO django.server: "GET /api/runner-status/ HTTP/1.1" 200 16
[2026-09-17 00:26:44,047] INFO django.server: "GET /api/tasks/ HTTP/1.1" 200 1289
[2026-09-17 00:26:45,057] INFO django.server: "GET /api/runner-status/ HTTP/1.1" 200 16
[2026-09-17 00:26:45,060] INFO django.server: "GET /api/tasks/ HTTP/1.1" 200 1289
[2026-09-17 00:26:45,070] INFO django.server: "GET /api/runner-status/ HTTP/1.1" 200 16
[2026-09-17 00:26:45,082] INFO django.server: "GET /api/runner-status/ HTTP/1.1" 200 16
[2026-09-17 00:26:47,058] INFO django.server: "GET /api/runner-status/ HTTP/1.1" 200 16
[2026-09-17 00:26:47,061] INFO django.server: "GET /api/tasks/ HTTP/1.1" 200 1289
[2026-09-17 00:26:47,070] INFO django.server: "GET /api/runner-status/ HTTP/1.1" 200 16
[2026-09-17 00:26:48,057] INFO django.server: "GET /api/tasks/ HTTP/1.1" 200 1289
[2026-09-17 00:26:49,055] INFO django.server: "GET /api/runner-status/ HTTP/1.1" 200 16
[2026-09-17 00:26:50,049] INFO django.server: "GET /api/tasks/ HTTP/1.1" 200 1289
[2026-09-17 00:26:51,051] INFO django.server: "GET /api/runner-status/ HTTP/1.1" 200 16
[2026-09-17 00:26:51,054] INFO django.server: "GET /api/tasks/ HTTP/1.1" 200 1289
[2026-09-17 00:26:51,063] INFO django.server: "GET /api/runner-status/ HTTP/1.1" 200 16
[2026-09-17 00:26:51,074] INFO django.server: "GET /api/runner-status/ HTTP/1.1" 200 16
[2026-09-17 00:26:53,054] INFO django.server: "GET /api/runner-status/ HTTP/1.1" 200 16
[2026-09-17 00:26:53,057] INFO django.server: "GET /api/tasks/ HTTP/1.1" 200 1289
[2026-09-17 00:26:53,065] INFO django.server: "GET /api/runner-status/ HTTP/1.1" 200 16
[2026-09-17 00:26:54,062] INFO django.server: "GET /api/tasks/ HTTP/1.1" 200 1289
[2026-09-17 00:26:55,050] INFO django.server: "GET /api/runner-status/ HTTP/1.1" 200 16
[2026-09-17 00:26:56,053] INFO django.server: "GET /api/tasks/ HTTP/1.1" 200 1289
[2026-09-17 00:26:57,053] INFO django.server: "GET /api/runner-status/ HTTP/1.1" 200 16
[2026-09-17 00:26:57,057] INFO django.server: "GET /api/tasks/ HTTP/1.1" 200 1289
[2026-09-17 00:26:57,066] INFO django.server: "GET /api/runner-status/ HTTP/1.1" 200 16
[2026-09-17 00:26:57,079] INFO django.server: "GET /api/runner-status/ HTTP/1.1" 200 16
[2026-09-17 00:26:59,056] INFO django.server: "GET /api/runner-status/ HTTP/1.1" 200 16
[2026-09-17 00:26:59,060] INFO django.server: "GET /api/tasks/ HTTP/1.1" 200 1289
[2026-09-17 00:26:59,069] INFO django.server: "GET /api/runner-status/ HTTP/1.1" 200 16
[2026-09-17 00:27:00,050] INFO django.server: "GET /api/tasks/ HTTP/1.1" 200 1289
[2026-09-17 00:27:01,046] INFO django.server: "GET /api/runner-status/ HTTP/1.1" 200 16
[2026-09-17 00:27:02,047] INFO django.server: "GET /api/tasks/ HTTP/1.1" 200 1289
[2026-09-17 00:27:03,057] INFO django.server: "GET /api/runner-status/ HTTP/1.1" 200 16
[2026-09-17 00:27:03,059] INFO django.server: "GET /api/tasks/ HTTP/1.1" 200 1289
[2026-09-17 00:27:03,068] INFO django.server: "GET /api/runner-status/ HTTP/1.1" 200 16
[2026-09-17 00:27:03,079] INFO django.server: "GET /api/runner-status/ HTTP/1.1" 200 16
[2026-09-17 00:27:05,047] INFO django.server: "GET /api/runner-status/ HTTP/1.1" 200 16
[2026-09-17 00:27:05,052] INFO django.server: "GET /api/tasks/ HTTP/1.1" 200 1289
[2026-09-17 00:27:05,059] INFO django.server: "GET /api/runner-status/ HTTP/1.1" 200 16
[2026-09-17 00:27:06,059] INFO django.server: "GET /api/tasks/ HTTP/1.1" 200 1289
[2026-09-17 00:27:07,056] INFO django.server: "GET /api/runner-status/ HTTP/1.1" 200 16
[2026-09-17 00:27:08,053] INFO django.server: "GET /api/tasks/ HTTP/1.1" 200 1289
[2026-09-17 00:27:09,053] INFO django.server: "GET /api/runner-status/ HTTP/1.1" 200 16
[2026-09-17 00:27:09,059] INFO django.server: "GET /api/tasks/ HTTP/1.1" 200 1289
[2026-09-17 00:27:09,067] INFO django.server: "GET /api/runner-status/ HTTP/1.1" 200 16
[2026-09-17 00:27:09,078] INFO django.server: "GET /api/runner-status/ HTTP/1.1" 200 16
[2026-09-17 00:27:11,054] INFO django.server: "GET /api/runner-status/ HTTP/1.1" 200 16
[2026-09-17 00:27:11,059] INFO django.server: "GET /api/tasks/ HTTP/1.1" 200 1289
[2026-09-17 00:27:11,067] INFO django.server: "GET /api/runner-status/ HTTP/1.1" 200 16
[2026-09-17 00:27:12,054] INFO django.server: "GET /api/tasks/ HTTP/1.1" 200 1289
[2026-09-17 00:27:13,047] INFO django.server: "GET /api/runner-status/ HTTP/1.1" 200 16
[2026-09-17 00:27:14,053] INFO django.server: "GET /api/tasks/ HTTP/1.1" 200 1289
[2026-09-17 00:27:15,052] INFO django.server: "GET /api/runner-status/ HTTP/1.1" 200 16
[2026-09-17 00:27:15,057] INFO django.server: "GET /api/tasks/ HTTP/1.1" 200 1289
[2026-09-17 00:27:15,064] INFO django.server: "GET /api/runner-status/ HTTP/1.1" 200 16
[2026-09-17 00:27:15,077] INFO django.server: "GET /api/runner-status/ HTTP/1.1" 200 16
[2026-09-17 00:27:17,050] INFO django.server: "GET /api/runner-status/ HTTP/1.1" 200 16
[2026-09-17 00:27:17,056] INFO django.server: "GET /api/tasks/ HTTP/1.1" 200 1289
[2026-09-17 00:27:17,063] INFO django.server: "GET /api/runner-status/ HTTP/1.1" 200 16
[2026-09-17 00:27:18,053] INFO django.server: "GET /api/tasks/ HTTP/1.1" 200 1289
[2026-09-17 00:27:19,056] INFO django.server: "GET /api/runner-status/ HTTP/1.1" 200 16
[2026-09-17 00:27:20,059] INFO django.server: "GET /api/tasks/ HTTP/1.1" 200 1289
[2026-09-17 00:27:21,056] INFO django.server: "GET /api/runner-status/ HTTP/1.1" 200 16
[2026-09-17 00:27:21,059] INFO django.server: "GET /api/tasks/ HTTP/1.1" 200 1289
[2026-09-17 00:27:21,069] INFO django.server: "GET /api/runner-status/ HTTP/1.1" 200 16
[2026-09-17 00:27:21,081] INFO django.server: "GET /api/runner-status/ HTTP/1.1" 200 16
[2026-09-17 00:27:23,050] INFO django.server: "GET /api/runner-status/ HTTP/1.1" 200 16
[2026-09-17 00:27:23,053] INFO django.server: "GET /api/tasks/ HTTP/1.1" 200 1289
[2026-09-17 00:27:23,062] INFO django.server: "GET /api/runner-status/ HTTP/1.1" 200 16
[2026-09-17 00:27:24,051] INFO django.server: "GET /api/tasks/ HTTP/1.1" 200 1289
[2026-09-17 00:27:25,046] INFO django.server: "GET /api/runner-status/ HTTP/1.1" 200 16
[2026-09-17 00:27:26,046] INFO django.server: "GET /api/tasks/ HTTP/1.1" 200 1289
[2026-09-17 00:27:27,047] INFO django.server: "GET /api/runner-status/ HTTP/1.1" 200 16
[2026-09-17 00:27:27,052] INFO django.server: "GET /api/tasks/ HTTP/1.1" 200 1289
[2026-09-17 00:27:27,059] INFO django.server: "GET /api/runner-status/ HTTP/1.1" 200 16
[2026-09-17 00:27:27,071] INFO django.server: "GET /api/runner-status/ HTTP/1.1" 200 16
[2026-09-17 00:27:29,058] INFO django.server: "GET /api/runner-status/ HTTP/1.1" 200 16
[2026-09-17 00:27:29,062] INFO django.server: "GET /api/tasks/ HTTP/1.1" 200 1289
[2026-09-17 00:27:29,072] INFO django.server: "GET /api/runner-status/ HTTP/1.1" 200 16
[2026-09-17 00:27:30,059] INFO django.server: "GET /api/tasks/ HTTP/1.1" 200 1289
[2026-09-17 00:27:31,053] INFO django.server: "GET /api/runner-status/ HTTP/1.1" 200 16
[2026-09-17 00:27:32,055] INFO django.server: "GET /api/tasks/ HTTP/1.1" 200 1289
[2026-09-17 00:27:33,049] INFO django.server: "GET /api/runner-status/ HTTP/1.1" 200 16
[2026-09-17 00:27:33,052] INFO django.server: "GET /api/tasks/ HTTP/1.1" 200 1289
[2026-09-17 00:27:33,062] INFO django.server: "GET /api/runner-status/ HTTP/1.1" 200 16
[2026-09-17 00:27:33,074] INFO django.server: "GET /api/runner-status/ HTTP/1.1" 200 16
[2026-09-17 00:27:35,052] INFO django.server: "GET /api/runner-status/ HTTP/1.1" 200 16
[2026-09-17 00:27:35,056] INFO django.server: "GET /api/tasks/ HTTP/1.1" 200 1289
[2026-09-17 00:27:35,067] INFO django.server: "GET /api/runner-status/ HTTP/1.1" 200 16
[2026-09-17 00:27:36,050] INFO django.server: "GET /api/tasks/ HTTP/1.1" 200 1289
[2026-09-17 00:27:37,057] INFO django.server: "GET /api/runner-status/ HTTP/1.1" 200 16
[2026-09-17 00:27:38,055] INFO django.server: "GET /api/tasks/ HTTP/1.1" 200 1289
[2026-09-17 00:27:39,053] INFO django.server: "GET /api/runner-status/ HTTP/1.1" 200 16
[2026-09-17 00:27:39,058] INFO django.server: "GET /api/tasks/ HTTP/1.1" 200 1289
[2026-09-17 00:27:39,067] INFO django.server: "GET /api/runner-status/ HTTP/1.1" 200 16
[2026-09-17 00:27:39,079] INFO django.server: "GET /api/runner-status/ HTTP/1.1" 200 16
[2026-09-17 00:27:41,062] INFO django.server: "GET /api/runner-status/ HTTP/1.1" 200 16
[2026-09-17 00:27:41,066] INFO django.server: "GET /api/tasks/ HTTP/1.1" 200 1289
[2026-09-17 00:27:41,078] INFO django.server: "GET /api/runner-status/ HTTP/1.1" 200 16
[2026-09-17 00:27:42,050] INFO django.server: "GET /api/tasks/ HTTP/1.1" 200 1289
[2026-09-17 00:27:43,046] INFO django.server: "GET /api/runner-status/ HTTP/1.1" 200 16
[2026-09-17 00:27:44,052] INFO django.server: "GET /api/tasks/ HTTP/1.1" 200 1289
[2026-09-17 00:27:45,054] INFO django.server: "GET /api/runner-status/ HTTP/1.1" 200 16
[2026-09-17 00:27:45,058] INFO django.server: "GET /api/tasks/ HTTP/1.1" 200 1289
[2026-09-17 00:27:45,065] INFO django.server: "GET /api/runner-status/ HTTP/1.1" 200 16
[2026-09-17 00:27:45,076] INFO django.server: "GET /api/runner-status/ HTTP/1.1" 200 16
[2026-09-17 00:27:47,054] INFO django.server: "GET /api/runner-status/ HTTP/1.1" 200 16
[2026-09-17 00:27:47,059] INFO django.server: "GET /api/tasks/ HTTP/1.1" 200 1289
[2026-09-17 00:27:47,067] INFO django.server: "GET /api/runner-status/ HTTP/1.1" 200 16
[2026-09-17 00:27:48,053] INFO django.server: "GET /api/tasks/ HTTP/1.1" 200 1289
[2026-09-17 00:27:49,058] INFO django.server: "GET /api/runner-status/ HTTP/1.1" 200 16
[2026-09-17 00:27:50,056] INFO django.server: "GET /api/tasks/ HTTP/1.1" 200 1289
[2026-09-17 00:27:51,054] INFO django.server: "GET /api/runner-status/ HTTP/1.1" 200 16
[2026-09-17 00:27:51,057] INFO django.server: "GET /api/tasks/ HTTP/1.1" 200 1289
[2026-09-17 00:27:51,066] INFO django.server: "GET /api/runner-status/ HTTP/1.1" 200 16
[2026-09-17 00:27:51,078] INFO django.server: "GET /api/runner-status/ HTTP/1.1" 200 16
[2026-09-17 00:27:53,055] INFO django.server: "GET /api/runner-status/ HTTP/1.1" 200 16
[2026-09-17 00:27:53,059] INFO django.server: "GET /api/tasks/ HTTP/1.1" 200 1289
[2026-09-17 00:27:53,068] INFO django.server: "GET /api/runner-status/ HTTP/1.1" 200 16
[2026-09-17 00:27:54,061] INFO django.server: "GET /api/tasks/ HTTP/1.1" 200 1289
[2026-09-17 00:27:55,052] INFO django.server: "GET /api/runner-status/ HTTP/1.1" 200 16
[2026-09-17 00:27:56,050] INFO django.server: "GET /api/tasks/ HTTP/1.1" 200 1289
[2026-09-17 00:27:57,056] INFO django.server: "GET /api/runner-status/ HTTP/1.1" 200 16
[2026-09-17 00:27:57,059] INFO django.server: "GET /api/tasks/ HTTP/1.1" 200 1289
[2026-09-17 00:27:57,068] INFO django.server: "GET /api/runner-status/ HTTP/1.1" 200 16
[2026-09-17 00:27:57,079] INFO django.server: "GET /api/runner-status/ HTTP/1.1" 200 16
[2026-09-17 00:27:59,059] INFO django.server: "GET /api/runner-status/ HTTP/1.1" 200 16
[2026-09-17 00:27:59,065] INFO django.server: "GET /api/tasks/ HTTP/1.1" 200 1289
[2026-09-17 00:27:59,073] INFO django.server: "GET /api/runner-status/ HTTP/1.1" 200 16
[2026-09-17 00:28:00,054] INFO django.server: "GET /api/tasks/ HTTP/1.1" 200 1289
[2026-09-17 00:28:01,047] INFO django.server: "GET /api/runner-status/ HTTP/1.1" 200 16
[2026-09-17 00:28:02,054] INFO django.server: "GET /api/tasks/ HTTP/1.1" 200 1289
[2026-09-17 00:28:03,049] INFO django.server: "GET /api/runner-status/ HTTP/1.1" 200 16
[2026-09-17 00:28:03,054] INFO django.server: "GET /api/tasks/ HTTP/1.1" 200 1289
[2026-09-17 00:28:03,061] INFO django.server: "GET /api/runner-status/ HTTP/1.1" 200 16
[2026-09-17 00:28:03,071] INFO django.server: "GET /api/runner-status/ HTTP/1.1" 200 16
[2026-09-17 00:28:05,047] INFO django.server: "GET /api/runner-status/ HTTP/1.1" 200 16
[2026-09-17 00:28:05,049] INFO django.server: "GET /api/tasks/ HTTP/1.1" 200 1289
[2026-09-17 00:28:05,058] INFO django.server: "GET /api/runner-status/ HTTP/1.1" 200 16
[2026-09-17 00:28:06,051] INFO django.server: "GET /api/tasks/ HTTP/1.1" 200 1289
[2026-09-17 00:28:07,058] INFO django.server: "GET /api/runner-status/ HTTP/1.1" 200 16
[2026-09-17 00:28:08,057] INFO django.server: "GET /api/tasks/ HTTP/1.1" 200 1289
[2026-09-17 00:28:09,051] INFO django.server: "GET /api/runner-status/ HTTP/1.1" 200 16
[2026-09-17 00:28:09,056] INFO django.server: "GET /api/tasks/ HTTP/1.1" 200 1289
[2026-09-17 00:28:09,064] INFO django.server: "GET /api/runner-status/ HTTP/1.1" 200 16
[2026-09-17 00:28:09,075] INFO django.server: "GET /api/runner-status/ HTTP/1.1" 200 16
[2026-09-17 00:28:11,058] INFO django.server: "GET /api/runner-status/ HTTP/1.1" 200 16
[2026-09-17 00:28:11,065] INFO django.server: "GET /api/tasks/ HTTP/1.1" 200 1289
[2026-09-17 00:28:11,074] INFO django.server: "GET /api/runner-status/ HTTP/1.1" 200 16
[2026-09-17 00:28:12,059] INFO django.server: "GET /api/tasks/ HTTP/1.1" 200 1289
[2026-09-17 00:28:13,056] INFO django.server: "GET /api/runner-status/ HTTP/1.1" 200 16
[2026-09-17 00:28:14,058] INFO django.server: "GET /api/tasks/ HTTP/1.1" 200 1289
[2026-09-17 00:28:15,056] INFO django.server: "GET /api/runner-status/ HTTP/1.1" 200 16
[2026-09-17 00:28:15,058] INFO django.server: "GET /api/tasks/ HTTP/1.1" 200 1289
[2026-09-17 00:28:15,068] INFO django.server: "GET /api/runner-status/ HTTP/1.1" 200 16
[2026-09-17 00:28:15,079] INFO django.server: "GET /api/runner-status/ HTTP/1.1" 200 16
[2026-09-17 00:28:17,070] INFO django.server: "GET /api/runner-status/ HTTP/1.1" 200 16
[2026-09-17 00:28:17,074] INFO django.server: "GET /api/tasks/ HTTP/1.1" 200 1289
[2026-09-17 00:28:17,090] INFO django.server: "GET /api/runner-status/ HTTP/1.1" 200 16
[2026-09-17 00:28:18,056] INFO django.server: "GET /api/tasks/ HTTP/1.1" 200 1289
[2026-09-17 00:28:19,053] INFO django.server: "GET /api/runner-status/ HTTP/1.1" 200 16
[2026-09-17 00:28:20,050] INFO django.server: "GET /api/tasks/ HTTP/1.1" 200 1289
[2026-09-17 00:28:21,060] INFO django.server: "GET /api/runner-status/ HTTP/1.1" 200 16
[2026-09-17 00:28:21,065] INFO django.server: "GET /api/tasks/ HTTP/1.1" 200 1289
[2026-09-17 00:28:21,074] INFO django.server: "GET /api/runner-status/ HTTP/1.1" 200 16
[2026-09-17 00:28:21,087] INFO django.server: "GET /api/runner-status/ HTTP/1.1" 200 16
[2026-09-17 00:28:23,052] INFO django.server: "GET /api/runner-status/ HTTP/1.1" 200 16
[2026-09-17 00:28:23,055] INFO django.server: "GET /api/tasks/ HTTP/1.1" 200 1289
[2026-09-17 00:28:23,066] INFO django.server: "GET /api/runner-status/ HTTP/1.1" 200 16
[2026-09-17 00:28:24,059] INFO django.server: "GET /api/tasks/ HTTP/1.1" 200 1289
[2026-09-17 00:28:25,046] INFO django.server: "GET /api/runner-status/ HTTP/1.1" 200 16
[2026-09-17 00:28:26,045] INFO django.server: "GET /api/tasks/ HTTP/1.1" 200 1289
[2026-09-17 00:28:27,059] INFO django.server: "GET /api/runner-status/ HTTP/1.1" 200 16
[2026-09-17 00:28:27,065] INFO django.server: "GET /api/tasks/ HTTP/1.1" 200 1289
[2026-09-17 00:28:27,072] INFO django.server: "GET /api/runner-status/ HTTP/1.1" 200 16
[2026-09-17 00:28:27,084] INFO django.server: "GET /api/runner-status/ HTTP/1.1" 200 16
[2026-09-17 00:28:29,044] INFO django.server: "GET /api/runner-status/ HTTP/1.1" 200 16
[2026-09-17 00:28:29,046] INFO django.server: "GET /api/tasks/ HTTP/1.1" 200 1289
[2026-09-17 00:28:29,058] INFO django.server: "GET /api/runner-status/ HTTP/1.1" 200 16
[2026-09-17 00:28:30,059] INFO django.server: "GET /api/tasks/ HTTP/1.1" 200 1289
[2026-09-17 00:28:31,054] INFO django.server: "GET /api/runner-status/ HTTP/1.1" 200 16
[2026-09-17 00:28:32,059] INFO django.server: "GET /api/tasks/ HTTP/1.1" 200 1289
[2026-09-17 00:28:33,050] INFO django.server: "GET /api/runner-status/ HTTP/1.1" 200 16
[2026-09-17 00:28:33,056] INFO django.server: "GET /api/tasks/ HTTP/1.1" 200 1289
[2026-09-17 00:28:33,066] INFO django.server: "GET /api/runner-status/ HTTP/1.1" 200 16
[2026-09-17 00:28:33,083] INFO django.server: "GET /api/runner-status/ HTTP/1.1" 200 16
